raw_name,cleaned_name,type,variant,is_verified
Bean-to-bar 70% Dark Chocolate Ice Cream (Perfect Plenty (300ml)),Bean-to-Bar Dark Chocolate Ice Cream,Ice Cream,PERFECT_PLENTY_300ML,True
Monkey Business Ice Cream (Perfect Plenty (300ml)),Monkey Business Ice Cream,Ice Cream,PERFECT_PLENTY_300ML,True
Monkey Business Ice Cream (Regular Tub (300ml)),Monkey Business Ice Cream,Ice Cream,REGULAR_TUB_300ML,True
Boston Cream Pie Dessert(2pcs),Boston Cream Pie,Dessert,2_PIECES,True
Eggless Chocolate Ice Cream (Regular Tub (300ml)),Eggless Just Chocolate,Ice Cream,REGULAR_TUB_300ML,True
Classic Chocolate Lamington (2pcs),Classic Chocolate Lamington,Dessert,2_PIECES,True
Eggless Banoffee Ice Cream (Perfect Plenty (300ml)),Eggless Banoffee Ice Cream,Ice Cream,PERFECT_PLENTY_300ML,True
Bean-to-bar Dark Chocolate Ice Cream (Regular Tub (300ml)),Bean-to-Bar Dark Chocolate Ice Cream,Ice Cream,REGULAR_TUB_300ML,True
Classic Tiramisu,Classic Tiramisu,Dessert,1_PIECE,True
Eggless Coffee Mascarpone Ice Cream (Regular Tub (300ml)),Eggless Coffee Mascarpone Ice Cream,Ice Cream,REGULAR_TUB_300ML,True
Design Your Indulgence Duo Ice Creams (200ml+200ml),Design Your Indulgence Duo,Combo,DUO_200ML_200ML,True
Eggless Strawberry Cream Cheese Ice Cream 200ml,Eggless Strawberry Cream Cheese Ice Cream,Ice Cream,MINI_TUB_200ML,True
Bean-to-bar 70% Dark Chocolate Ice Cream 200ml,Bean-to-Bar Dark Chocolate Ice Cream,Ice Cream,MINI_TUB_200ML,True
Bean-to-bar Chocolate Dark Ice Cream (Mini tub (200ml)),Bean-to-Bar Dark Chocolate Ice Cream,Ice Cream,MINI_TUB_200ML,True
Coffee Mascarpone Ice Cream (Regular Scoop),Coffee Mascarpone Ice Cream,Ice Cream,REGULAR_SCOOP_120GMS,True
Cup,Cup,Extra,1_PIECE,True
Eggless Paan & Gulkand Ice Cream (Regular Scoop),Eggless Paan & Gulkand Ice Cream,Ice Cream,REGULAR_SCOOP_120GMS,True
Coffee Mascarpone Ice Cream (Family Tub (725ml)),Coffee Mascarpone Ice Cream,Ice Cream,FAMILY_TUB_725ML,True
Pistachio Ice Cream (Regular Tub (300ml)),Pistachio Ice Cream,Ice Cream,REGULAR_TUB_300ML,True
Fig Orange Ice Cream (Perfect Plenty),Eggless Fig & Orange Ice Cream,Ice Cream,PERFECT_PLENTY_200GMS,True
Bean-to-bar Chocolate 70% Dark Ice Cream (Perfect Plenty),Bean-to-Bar Dark Chocolate Ice Cream,Ice Cream,PERFECT_PLENTY_200GMS,True
Eggless Banoffee Ice Cream (Regular Tub (300ml)),Eggless Banoffee Ice Cream,Ice Cream,REGULAR_TUB_300ML,True
Coffee Mascarpone Ice Cream (Regular Tub (300ml)),Coffee Mascarpone Ice Cream,Ice Cream,REGULAR_TUB_300ML,True
Sunshine Limone Ice Cream (Regular Tub (300ml)),Sunshine Limone Ice Cream,Ice Cream,REGULAR_TUB_300ML,True
Old Fashion Vanilla Ice Cream (Regular Tub (300ml)),Old Fashion Vanilla Ice Cream,Ice Cream,REGULAR_TUB_300ML,True
Eggless Chocolate Overload (Regular Scoop),Eggless Chocolate Overload Ice Cream,Ice Cream,REGULAR_SCOOP_120GMS,True
Eggless Cherry & Chocolate Ice Cream (Regular Scoop),Eggless Cherry & Chocolate Ice Cream,Ice Cream,REGULAR_SCOOP_120GMS,True
Eggless Coffee Mascarpone Ice Cream (Regular Scoop),Eggless Coffee Mascarpone Ice Cream,Ice Cream,REGULAR_SCOOP_120GMS,True
Eggless Chocolate Overload (Perfect Plenty (300ml)),Eggless Chocolate Overload Ice Cream,Ice Cream,PERFECT_PLENTY_300ML,True
Eggless Chocolate Ice Cream (Family Tub (725ml)),Eggless Just Chocolate,Ice Cream,FAMILY_TUB_725ML,True
Eggless Banoffee Ice Cream (Family Tub (725ml)),Eggless Banoffee Ice Cream,Ice Cream,FAMILY_TUB_725ML,True
Eggless Design Your Indulgence Duo Ice Creams (200ml+200ml),Eggless Design Your Indulgence Duo,Combo,DUO_200ML_200ML,True
Eggless Paan & Gulkand Ice Cream 200ml,Eggless Paan & Gulkand Ice Cream,Ice Cream,MINI_TUB_200ML,True
Design Family Pack Of 3 Ice Creams (200+200+200 Ml),Design Family Pack Of 3 Ice Creams,Combo,FAMILY_PACK_3X200ML,True
Coffee Mascarpone Ice Cream 200ml,Coffee Mascarpone Ice Cream,Ice Cream,MINI_TUB_200ML,True
Eggless Banoffee Ice Cream 200ml,Eggless Banoffee Ice Cream,Ice Cream,MINI_TUB_200ML,True
Eggless Chocolate Overload (Family Feast (725ml)),Eggless Chocolate Overload Ice Cream,Ice Cream,FAMILY_TUB_725ML,True
Pistachio Ice Cream 200ml,Pistachio Ice Cream,Ice Cream,MINI_TUB_200ML,True
Classic Chocolate Lamington (1pcs),Classic Chocolate Lamington,Dessert,1_PIECE,True
Eggless Paan & Gulkand Ice Cream (Regular Tub (300ml)),Eggless Paan & Gulkand Ice Cream,Ice Cream,REGULAR_TUB_300ML,True
Eggless Strawberry Cream Cheese Ice Cream (Regular Tub (300ml)),Eggless Strawberry Cream Cheese Ice Cream,Ice Cream,REGULAR_TUB_300ML,True
Waffle Cone,Butter Waffle Cone,Extra,1_PIECE,True
Eggless Banoffee Ice Cream (Regular Scoop),Eggless Banoffee Ice Cream,Ice Cream,REGULAR_SCOOP_120GMS,True
Triple Chocolate Ice Cream (Family Feast (725ml)),Triple Chocolate Ice Cream,Ice Cream,FAMILY_TUB_725ML,True
Cakes & Cookies Ice Cream (Regular Tub (300ml)),Cakes & Cookies Ice Cream,Ice Cream,REGULAR_TUB_300ML,True
Fig & Orange Ice Cream 200ml,Eggless Fig & Orange Ice Cream,Ice Cream,MINI_TUB_200ML,True
Eggless Strawberry Cream Cheese Ice Cream (Family Tub (725ml)),Eggless Strawberry Cream Cheese Ice Cream,Ice Cream,FAMILY_TUB_725ML,True
Monkey Business Ice Cream 200ml,Monkey Business Ice Cream,Ice Cream,MINI_TUB_200ML,True
Cakes & Cookies Ice Cream 200ml,Cakes & Cookies Ice Cream,Ice Cream,MINI_TUB_200ML,True
Fig & Orange 200ml,Eggless Fig & Orange Ice Cream,Ice Cream,MINI_TUB_200ML,True
Old Fashion Vanilla Ice Cream (Regular Scoop),Old Fashion Vanilla Ice Cream,Ice Cream,REGULAR_SCOOP_120GMS,True
Sunshine Limone Ice Cream (Regular Scoop),Sunshine Limone Ice Cream,Ice Cream,REGULAR_SCOOP_120GMS,True
Old Fashion Vanilla Ice Cream 200ml,Old Fashion Vanilla Ice Cream,Ice Cream,MINI_TUB_200ML,True
Fig &amp; Orange 200ml,Eggless Fig & Orange Ice Cream,Ice Cream,MINI_TUB_200ML,True
Mocha Indulgence Duo Ice Creams (200ml + 200ml),Mocha Indulgence Duo Ice Creams,Combo,DUO_200ML_200ML,True
Triple Chocolate Ice Cream 200ml,Triple Chocolate Ice Cream,Ice Cream,MINI_TUB_200ML,True
Eggless Strawberry Cream Cheese Ice Cream (Regular Scoop),Eggless Strawberry Cream Cheese Ice Cream,Ice Cream,REGULAR_SCOOP_120GMS,True
Monkey Business Ice Cream (Family Feast (725ml)),Monkey Business Ice Cream,Ice Cream,FAMILY_TUB_725ML,True
Old Fashion Vanilla Ice Cream (Perfect Plenty (300ml)),Old Fashion Vanilla Ice Cream,Ice Cream,PERFECT_PLENTY_300ML,True
Eggless Cherry & Chocolate Ice Cream (Family Tub (725ml)),Eggless Cherry & Chocolate Ice Cream,Ice Cream,FAMILY_TUB_725ML,True
Sunshine Limone Ice Cream (Family Tub (725ml)),Sunshine Limone Ice Cream,Ice Cream,FAMILY_TUB_725ML,True
Eggless Cherry & Chocolate Ice Cream (Mini tub (200ml)),Eggless Cherry & Chocolate Ice Cream,Ice Cream,MINI_TUB_200ML,True
Eggless Coffee Mascarpone Ice Cream (Mini tub (200ml)),Eggless Coffee Mascarpone Ice Cream,Ice Cream,MINI_TUB_200ML,True
Old Fashion Vanilla Ice Cream (Mini tub (200ml)),Old Fashion Vanilla Ice Cream,Ice Cream,MINI_TUB_200ML,True
Pistachio Ice Cream (Mini tub (200ml)),Pistachio Ice Cream,Ice Cream,MINI_TUB_200ML,True
Fig Orange Ice Cream (Regular Tub (300ml)),Eggless Fig & Orange Ice Cream,Ice Cream,REGULAR_TUB_300ML,True
Design Your Indulgence Duo,Design Your Indulgence Duo,Combo,DUO_200ML_200ML,True
Eggless Paan & Gulkand Ice Cream (Family Tub (725ml)),Eggless Paan & Gulkand Ice Cream,Ice Cream,FAMILY_TUB_725ML,True
Cakes & Cookies Ice Cream (Perfect Plenty (300ml)),Cakes & Cookies Ice Cream,Ice Cream,PERFECT_PLENTY_300ML,True
Half In Half Regular Scoop Combo,Half In Half Regular Scoop Combo,Combo,REGULAR_SCOOP_120GMS,True
Eggless Coffee Mascarpone Ice Cream Small Scoop,Eggless Coffee Mascarpone Ice Cream,Ice Cream,JUNIOR_SCOOP_60GMS,True
Eggless Just Chocolate Small Scoop,Eggless Just Chocolate,Ice Cream,JUNIOR_SCOOP_60GMS,True
Eggless Chocolate Overload Ice Cream Small Scoop,Eggless Chocolate Overload Ice Cream,Ice Cream,JUNIOR_SCOOP_60GMS,True
Cakes &amp; Cookies Ice Cream Small Scoop,Cakes & Cookies Ice Cream,Ice Cream,JUNIOR_SCOOP_60GMS,True
Eggless Cherry & Chocolate 200ml,Eggless Cherry & Chocolate Ice Cream,Ice Cream,MINI_TUB_200ML,True
Rose Cardamom Ice Cream (Mini tub (200ml)),Rose Cardamom Ice Cream,Ice Cream,MINI_TUB_200ML,True
Cakes & Cookies Ice Cream (Mini tub (200ml)),Cakes & Cookies Ice Cream,Ice Cream,MINI_TUB_200ML,True
Monkey Business Ice Cream (Mini tub (200ml)),Monkey Business Ice Cream,Ice Cream,MINI_TUB_200ML,True
Bean-to-bar Chocolate Dark Ice Cream (Regular Scoop),Bean-to-Bar Dark Chocolate Ice Cream,Ice Cream,REGULAR_SCOOP_120GMS,True
Boston Cream Pie(1pcs),Boston Cream Pie,Dessert,1_PIECE,True
Eggless Cherry & Chocolate Ice Cream (Regular Tub (300ml)),Eggless Cherry & Chocolate Ice Cream,Ice Cream,REGULAR_TUB_300ML,True
Eggless Chocolate Overload (Regular Tub (300ml)),Eggless Chocolate Overload Ice Cream,Ice Cream,REGULAR_TUB_300ML,True
Pistachio Ice Cream (Regular Scoop),Pistachio Ice Cream,Ice Cream,REGULAR_SCOOP_120GMS,True
Eggless Chocolate Ice Cream (Regular Scoop),Eggless Just Chocolate,Ice Cream,REGULAR_SCOOP_120GMS,True
Eggless Strawberry Cream Cheese Ice Cream (Mini tub (200ml)),Eggless Strawberry Cream Cheese Ice Cream,Ice Cream,MINI_TUB_200ML,True
Cakes & Cookies 200ml,Cakes & Cookies Ice Cream,Ice Cream,MINI_TUB_200ML,True
Go Bananas Ice Cream (Perfect Plenty),Go Bananas Ice Cream,Ice Cream,PERFECT_PLENTY_200GMS,True
Eggless Coconut & Pineapple Ice Cream (Regular Scoop),Eggless Coconut & Pineapple Ice Cream,Ice Cream,REGULAR_SCOOP_120GMS,True
Eggless Banoffee Ice Cream (Mini tub (200ml)),Eggless Banoffee Ice Cream,Ice Cream,MINI_TUB_200ML,True
Fig Orange Ice Cream (Mini tub (200ml)),Eggless Fig & Orange Ice Cream,Ice Cream,MINI_TUB_200ML,True
Sunshine Limone Ice Cream (Mini tub (200ml)),Sunshine Limone Ice Cream,Ice Cream,MINI_TUB_200ML,True
Strawberry Cream Cheese Ice Cream (Mini tub (200ml)),Eggless Strawberry Cream Cheese Ice Cream,Ice Cream,MINI_TUB_200ML,True
Eggless Chocolate Overload (Mini tub (200ml)),Eggless Chocolate Overload Ice Cream,Ice Cream,MINI_TUB_200ML,True
Eggless Paan & Gulkand Ice Cream (Perfect Plenty (300ml)),Eggless Paan & Gulkand Ice Cream,Ice Cream,PERFECT_PLENTY_300ML,True
Eggless Chocolate Overload 200ml,Eggless Chocolate Overload Ice Cream,Ice Cream,MINI_TUB_200ML,True
Eggless Paan & Gulkand Ice Cream (Family Feast),Eggless Paan & Gulkand Ice Cream,Ice Cream,FAMILY_TUB_725ML,True
Eggless Coffee Mascarpone Ice Cream 200ml,Eggless Coffee Mascarpone Ice Cream,Ice Cream,MINI_TUB_200ML,True
Fig Orange Ice Cream (Perfect Plenty (300ml)),Eggless Fig & Orange Ice Cream,Ice Cream,PERFECT_PLENTY_300ML,True
Affogato,Affogato,Dessert,1_PIECE,True
Eggless Paan &amp; Gulkand Ice Cream Small Scoop,Eggless Paan & Gulkand Ice Cream,Ice Cream,JUNIOR_SCOOP_60GMS,True
Pistachio Ice Cream Ice Cream Small Scoop,Pistachio Ice Cream,Ice Cream,JUNIOR_SCOOP_60GMS,True
Eggless Cherry &amp; Chocolate Ice Cream Small Scoop,Eggless Cherry & Chocolate Ice Cream,Ice Cream,JUNIOR_SCOOP_60GMS,True
Bean To Bar Dark Chocolate Ice Cream Small Scoop,Bean-to-Bar Dark Chocolate Ice Cream,Ice Cream,JUNIOR_SCOOP_60GMS,True
Rose Cardamom Ice Cream (Regular Tub (300ml)),Rose Cardamom Ice Cream,Ice Cream,REGULAR_TUB_300ML,True
Coffee Mascarpone Ice Cream (Perfect Plenty (300ml)),Coffee Mascarpone Ice Cream,Ice Cream,PERFECT_PLENTY_300ML,True
Eggless Strawberry Cream Cheese Ice Cream (Perfect Plenty (300ml)),Eggless Strawberry Cream Cheese Ice Cream,Ice Cream,PERFECT_PLENTY_300ML,True
Eggless Paan & Gulkand Ice Cream (Mini tub (200ml)),Eggless Paan & Gulkand Ice Cream,Ice Cream,MINI_TUB_200ML,True
Cakes & Cookies Ice Cream (Regular Scoop),Cakes & Cookies Ice Cream,Ice Cream,REGULAR_SCOOP_120GMS,True
Monkey Business Ice Cream (Regular Scoop),Monkey Business Ice Cream,Ice Cream,REGULAR_SCOOP_120GMS,True
Eggless Chocolate Ice Cream 200ml,Eggless Just Chocolate,Ice Cream,MINI_TUB_200ML,True
Eggless Strawberry Cream Cheese Ice Cream (Perfect Plenty),Eggless Strawberry Cream Cheese Ice Cream,Ice Cream,PERFECT_PLENTY_200GMS,True
Monkey Business Ice Cream (Family Tub (725ml)),Monkey Business Ice Cream,Ice Cream,FAMILY_TUB_725ML,True
Bean-to-bar Dark Chocolate Ice Cream (Family Tub (725ml)),Bean-to-Bar Dark Chocolate Ice Cream,Ice Cream,FAMILY_TUB_725ML,True
Rose Cardamom Ice Cream Small Scoop,Rose Cardamom Ice Cream,Ice Cream,JUNIOR_SCOOP_60GMS,True
Eggless Cherry & Chocolate Ice Cream (Family Feast (725ml)),Eggless Cherry & Chocolate Ice Cream,Ice Cream,FAMILY_TUB_725ML,True
Eggless Paan & Gulkand Ice Cream (Family Feast (725ml)),Eggless Paan & Gulkand Ice Cream,Ice Cream,FAMILY_TUB_725ML,True
Eggless Coffee Mascarpone Ice Cream (Family Feast (725ml)),Eggless Coffee Mascarpone Ice Cream,Ice Cream,FAMILY_TUB_725ML,True
Masala Chai Ice Cream 200ml,Masala Chai Ice Cream,Ice Cream,MINI_TUB_200ML,True
Tres Leches,Tres Leches,Dessert,1_PIECE,True
Sunshine Limone Ice Cream 200ml,Sunshine Limone Ice Cream,Ice Cream,MINI_TUB_200ML,True
Eggless Strawberry Cream Cheese Ice Cream (Family Feast),Eggless Strawberry Cream Cheese Ice Cream,Ice Cream,FAMILY_TUB_725ML,True
Eggless Coffee Mascarpone Ice Cream (Family Feast),Eggless Coffee Mascarpone Ice Cream,Ice Cream,FAMILY_TUB_725ML,True
Masala Chai Ice Cream (Regular Tub (300ml)),Masala Chai Ice Cream,Ice Cream,REGULAR_TUB_300ML,True
Pistachio Ice Cream (Family Tub (725ml)),Pistachio Ice Cream,Ice Cream,FAMILY_TUB_725ML,True
Eggless Paan &amp; Gulkand Ice Cream (Perfect Plenty (300ml)),Eggless Paan & Gulkand Ice Cream,Ice Cream,PERFECT_PLENTY_300ML,True
Eggless Chocolate Ice Cream (Perfect Plenty (300ml)),Eggless Just Chocolate,Ice Cream,PERFECT_PLENTY_300ML,True
Rose Cardamom Ice Cream 200ml,Rose Cardamom Ice Cream,Ice Cream,MINI_TUB_200ML,True
Sunshine Limone Ice Cream (Perfect Plenty),Sunshine Limone Ice Cream,Ice Cream,PERFECT_PLENTY_200GMS,True
Pistachio Ice Cream (Perfect Plenty),Pistachio Ice Cream,Ice Cream,PERFECT_PLENTY_200GMS,True
Eggless Strawberry Cream Cheese Ice Cream (Family Feast (725ml)),Eggless Strawberry Cream Cheese Ice Cream,Ice Cream,FAMILY_TUB_725ML,True
Triple Chocolate Ice Cream (Perfect Plenty),Triple Chocolate Ice Cream,Ice Cream,PERFECT_PLENTY_200GMS,True
Eggless Paan &amp; Gulkand Ice Cream 200ml,Eggless Paan & Gulkand Ice Cream,Ice Cream,MINI_TUB_200ML,True
Eggless Coconut & Pineapple Ice Cream (Mini tub (200ml)),Eggless Coconut & Pineapple Ice Cream,Ice Cream,MINI_TUB_200ML,True
Customised Ice Cream Cake,Customised Ice Cream Cake,Ice Cream,1_PIECE,True
Pistachio Ice Cream (Family Feast (725ml)),Pistachio Ice Cream,Ice Cream,FAMILY_TUB_725ML,True
Fig &amp; Orange Ice Cream Small Scoop,Eggless Fig & Orange Ice Cream,Ice Cream,JUNIOR_SCOOP_60GMS,True
Fig Orange Ice Cream (Regular Scoop),Eggless Fig & Orange Ice Cream,Ice Cream,REGULAR_SCOOP_120GMS,True
Eggless Coconut & Pineapple Ice Cream (Regular Tub (300ml)),Eggless Coconut & Pineapple Ice Cream,Ice Cream,REGULAR_TUB_300ML,True
Sunshine Limone Ice Cream (Perfect Plenty (300ml)),Sunshine Limone Ice Cream,Ice Cream,PERFECT_PLENTY_300ML,True
Eggless Coconut & Pineapple Ice Cream (Family Tub (725ml)),Eggless Coconut & Pineapple Ice Cream,Ice Cream,FAMILY_TUB_725ML,True
Eggless Banoffee Ice Cream Small Scoop,Eggless Banoffee Ice Cream,Ice Cream,JUNIOR_SCOOP_60GMS,True
Eggless Coconut & Pineapple 200ml,Eggless Coconut & Pineapple Ice Cream,Ice Cream,MINI_TUB_200ML,True
Design Family Pack Of 3 Ice Creams,Design Family Pack Of 3 Ice Creams,Combo,FAMILY_PACK_3X200ML,True
Eggless Coffee Mascarpone Ice Cream (Family Tub (725ml)),Eggless Coffee Mascarpone Ice Cream,Ice Cream,FAMILY_TUB_725ML,True
Bean-to-Bar Dark Chocolate Ice Cream (Family Tub (725ml)),Bean-to-Bar Dark Chocolate Ice Cream,Ice Cream,FAMILY_TUB_725ML,True
Old Fashion Vanilla Ice Cream (Family Tub (725ml)),Old Fashion Vanilla Ice Cream,Ice Cream,FAMILY_TUB_725ML,True
Bean-to-Bar Dark Chocolate Ice Cream (Regular Tub (300ml)),Bean-to-Bar Dark Chocolate Ice Cream,Ice Cream,REGULAR_TUB_300ML,True
Rose Cardamom Ice Cream (Regular Scoop),Rose Cardamom Ice Cream,Ice Cream,REGULAR_SCOOP_120GMS,True
Eggless Coconut &amp; Pineapple Small Scoop,Eggless Coconut & Pineapple Ice Cream,Ice Cream,JUNIOR_SCOOP_60GMS,True
Eggless Just Chocolate 200ml,Eggless Just Chocolate,Ice Cream,MINI_TUB_200ML,True
Eggless Design Your Indulgence Duo,Eggless Design Your Indulgence Duo,Combo,DUO_200ML_200ML,True
Cakes &amp; Cookies 200ml,Cakes & Cookies Ice Cream,Ice Cream,MINI_TUB_200ML,True
Eggless Strawberry Cream Cheese Small Scoop,Eggless Strawberry Cream Cheese Ice Cream,Ice Cream,JUNIOR_SCOOP_60GMS,True
Eggless Banoffee Ice Cream (Junior Scoop),Eggless Banoffee Ice Cream,Ice Cream,JUNIOR_SCOOP_60GMS,True
Coffee Mascarpone Small Scoop,Coffee Mascarpone Ice Cream,Ice Cream,JUNIOR_SCOOP_60GMS,True
Coffee Mascarpone Ice Cream (Family Feast (725ml)),Coffee Mascarpone Ice Cream,Ice Cream,FAMILY_TUB_725ML,True
Bean-to-bar Chocolate Dark Ice Cream (Regular Tub (300ml)),Bean-to-Bar Dark Chocolate Ice Cream,Ice Cream,REGULAR_TUB_300ML,True
Coffee Mascarpone Ice Cream (Mini tub (200ml)),Coffee Mascarpone Ice Cream,Ice Cream,MINI_TUB_200ML,True
Eggless Banoffee Ice Cream (Family Feast (725ml)),Eggless Banoffee Ice Cream,Ice Cream,FAMILY_TUB_725ML,True
Fig Orange Ice Cream (Family Feast (725ml)),Eggless Fig & Orange Ice Cream,Ice Cream,FAMILY_TUB_725ML,True
Boston Cream Piec(2pcs),Boston Cream Pie,Dessert,2_PIECES,True
Eggless Chocolate Ice Cream (Mini tub (200ml)),Eggless Just Chocolate,Ice Cream,MINI_TUB_200ML,True
Triple Chocolate Ice Cream (Scoop),Triple Chocolate Ice Cream,Ice Cream,REGULAR_SCOOP_120GMS,True
Old Fashion Vanilla Ice Cream (Scoop),Old Fashion Vanilla Ice Cream,Ice Cream,REGULAR_SCOOP_120GMS,True
Eggless Chocolate Overload (Family Tub (725ml)),Eggless Chocolate Overload Ice Cream,Ice Cream,FAMILY_TUB_725ML,True
Triple Chocolate Ice Cream (Perfect Plenty (300ml)),Triple Chocolate Ice Cream,Ice Cream,PERFECT_PLENTY_300ML,True
Ice Cream Factory Visit & Trials(family),Ice Cream Factory Visit & Trials,Service,FAMILY,True
500 Pidge/porter Delivery Charges,500 Pidge/Porter Delivery Charges,Extra,1_PIECE,True
Large Box Thermocol And Dry Ice Packaging,Large Box Thermocol And Dry Ice Packaging,Extra,1_PIECE,True
Rose Cardamom Ice Cream (Family Tub (725ml)),Rose Cardamom Ice Cream,Ice Cream,FAMILY_TUB_725ML,True
Eggless Strawberry Cream Cheese Ice Cream (Mini Indulgence (200ml)),Eggless Strawberry Cream Cheese Ice Cream,Ice Cream,MINI_TUB_200ML,True
Eggless Paan & Gulkand Ice Cream (Mini Indulgence (200ml)),Eggless Paan & Gulkand Ice Cream,Ice Cream,MINI_TUB_200ML,True
Alphonso Mango Ice Cream (Regular),Alphonso Mango Ice Cream,Ice Cream,REGULAR_SCOOP_120GMS,True
Pistachio Ice Cream (Perfect Plenty (300ml)),Pistachio Ice Cream,Ice Cream,PERFECT_PLENTY_300ML,True
Rose Cardamom Ice Cream (Perfect Plenty (300ml)),Rose Cardamom Ice Cream,Ice Cream,PERFECT_PLENTY_300ML,True
Cakes & Cookies Ice Cream (Family Feast (725ml)),Cakes & Cookies Ice Cream,Ice Cream,FAMILY_TUB_725ML,True
Ice Cream Cake 400gm,Ice Cream Cake,Ice Cream,400GMS,True
400 Pidge/porter Delivery Charges,400 Pidge/Porter Delivery Charges,Extra,1_PIECE,True
Water Bottle,Water Bottle,Drinks,1_PIECE,True
Fig Orange Ice Cream (Family Tub (725ml)),Eggless Fig & Orange Ice Cream,Ice Cream,FAMILY_TUB_725ML,True
Sunshine Limone Ice Cream Small Scoop,Sunshine Limone Ice Cream,Ice Cream,JUNIOR_SCOOP_60GMS,True
Monkey Business Ice Cream Small Scoop,Monkey Business Ice Cream,Ice Cream,JUNIOR_SCOOP_60GMS,True
Old Fashion Vanilla Small Scoop,Old Fashion Vanilla Ice Cream,Ice Cream,JUNIOR_SCOOP_60GMS,True
Eggless Strawberry Cream Cheese Ice Cream (Junior Scoop),Eggless Strawberry Cream Cheese Ice Cream,Ice Cream,JUNIOR_SCOOP_60GMS,True
Old Fashion Vanilla Ice Cream (Regular),Old Fashion Vanilla Ice Cream,Ice Cream,REGULAR_SCOOP_120GMS,True
Bean-to-bar Chocolate Dark Ice Cream (Family Tub (725ml)),Bean-to-Bar Dark Chocolate Ice Cream,Ice Cream,FAMILY_TUB_725ML,True
Eggless Fig & Orange 200ml,Eggless Fig & Orange Ice Cream,Ice Cream,MINI_TUB_200ML,True
Dates & Chocolate Eggless (Junior Scoop),Dates & Chocolate Eggless,Ice Cream,JUNIOR_SCOOP_60GMS,True
Fig Orange Ice Cream (Regular),Eggless Fig & Orange Ice Cream,Ice Cream,REGULAR_SCOOP_120GMS,True
Pistachio Ice Cream (Regular),Pistachio Ice Cream,Ice Cream,REGULAR_SCOOP_120GMS,True
Paan & Gulkand Ice Cream (Regular Scoop),Eggless Paan & Gulkand Ice Cream,Ice Cream,REGULAR_SCOOP_120GMS,True
Eggless Old Fashion Vanila Ice Cream (Perfect Plenty (300ml)),Eggless Old Fashion Vanilla Ice Cream,Ice Cream,PERFECT_PLENTY_300ML,True
Eggless Fig Orange Ice Cream (Regular Tub (300ml)),Eggless Fig & Orange Ice Cream,Ice Cream,REGULAR_TUB_300ML,True
Dates & Chocolate Eggless (Regular Tub (300ml)),Dates & Chocolate Eggless,Ice Cream,REGULAR_TUB_300ML,True
Eggless Fig &amp; Orange 200ml,Eggless Fig & Orange Ice Cream,Ice Cream,MINI_TUB_200ML,True
Coffee Mascarpone Ice Cream (Junior Scoop),Coffee Mascarpone Ice Cream,Ice Cream,JUNIOR_SCOOP_60GMS,True
Eggless Fig Orange Ice Cream (Mini tub (200ml)),Eggless Fig & Orange Ice Cream,Ice Cream,MINI_TUB_200ML,True
Eggless Fig Orange Ice Cream (Regular Scoop),Eggless Fig & Orange Ice Cream,Ice Cream,REGULAR_SCOOP_120GMS,True
Orange & Biscuits (with Alcohol) (Regular Scoop),Orange & Biscuits (Contains Alcohol) Ice Cream,Ice Cream,REGULAR_SCOOP_120GMS,True
Dates &amp; Chocolate Eggless (Regular Tub (300ml)),Dates & Chocolate Eggless,Ice Cream,REGULAR_TUB_300ML,True
Paan &amp; Gulkand Ice Cream (Perfect Plenty (200gms)),Eggless Paan & Gulkand Ice Cream,Ice Cream,PERFECT_PLENTY_200GMS,True
Dates & Chocolate Eggless (Family Tub (725ml)),Dates & Chocolate Eggless,Ice Cream,FAMILY_TUB_725ML,True
Cakes &amp; Cookies Ice Cream 200ml,Cakes & Cookies Ice Cream,Ice Cream,MINI_TUB_200ML,True
Eggless Coconut &amp; Pineapple 200ml,Eggless Coconut & Pineapple Ice Cream,Ice Cream,MINI_TUB_200ML,True
Monkey Business Ice Cream (Family Feast),Monkey Business Ice Cream,Ice Cream,FAMILY_TUB_725ML,True
Eggless Coffee Mascarpone Ice Cream (Junior Scoop),Eggless Coffee Mascarpone Ice Cream,Ice Cream,JUNIOR_SCOOP_60GMS,True
Eggless Fig Orange Ice Cream (Junior Scoop),Eggless Fig & Orange Ice Cream,Ice Cream,JUNIOR_SCOOP_60GMS,True
Eggless Coffee Mascarpone Ice Cream (Perfect Plenty (300ml)),Eggless Coffee Mascarpone Ice Cream,Ice Cream,PERFECT_PLENTY_300ML,True
Sunshine Limone Ice Cream (Junior Scoop),Sunshine Limone Ice Cream,Ice Cream,JUNIOR_SCOOP_60GMS,True
Strawberry Cream Cheese Ice Cream (Regular Scoop),Eggless Strawberry Cream Cheese Ice Cream,Ice Cream,REGULAR_SCOOP_120GMS,True
Eggless Fig & Orange Ice Cream 200ml,Eggless Fig & Orange Ice Cream,Ice Cream,MINI_TUB_200ML,True
Alphonso Mango Ice Cream (Perfect Plenty (200gms)),Alphonso Mango Ice Cream,Ice Cream,PERFECT_PLENTY_200GMS,True
Bean-to-Bar 70% Dark Chocolate Ice Cream (Perfect Plenty (200gms)),Bean-to-Bar Dark Chocolate Ice Cream,Ice Cream,PERFECT_PLENTY_200GMS,True
Special Packaging Dryice Charges,Special Packaging Dryice Charges,Extra,1_PIECE,True
Cakes & Cookies Ice Cream (Junior Scoop),Cakes & Cookies Ice Cream,Ice Cream,JUNIOR_SCOOP_60GMS,True
Eggless Coffee Mascarpone Ice Cream (navratri) (Family Tub (725ml)),Eggless Coffee Mascarpone Ice Cream,Ice Cream,FAMILY_TUB_725ML,True
Eggless Strawberry Cream Cheese Ice Cream (navratri) (Regular Tub (300ml)),Eggless Strawberry Cream Cheese Ice Cream,Ice Cream,REGULAR_TUB_300ML,True
Pistachio Ice Cream (Perfect Plenty (200gms)),Pistachio Ice Cream,Ice Cream,PERFECT_PLENTY_200GMS,True
Go Bananas Ice Cream (Family Feast (550gms)),Go Bananas Ice Cream,Ice Cream,FAMILY_TUB_550GMS,True
Sunshine Limone Ice Cream (Family Feast (550gms)),Sunshine Limone Ice Cream,Ice Cream,FAMILY_TUB_550GMS,True
Fig Orange Ice Cream (Family Feast (550gms)),Eggless Fig & Orange Ice Cream,Ice Cream,FAMILY_TUB_550GMS,True
Eggless Coffee Mascarpone Ice Cream (Perfect Plenty (200gms)),Eggless Coffee Mascarpone Ice Cream,Ice Cream,PERFECT_PLENTY_200GMS,True
Eggless Alphanso Mango Ice Cream (Perfect Plenty (200gms)),Eggless Alphonso Mango Ice Cream,Ice Cream,PERFECT_PLENTY_200GMS,True
Eggless Paan &amp; Gulkand Ice Cream (Perfect Plenty (200gms)),Eggless Paan & Gulkand Ice Cream,Ice Cream,PERFECT_PLENTY_200GMS,True
Eggless Strawberry Cream Cheese Ice Cream (Perfect Plenty (200gms)),Eggless Strawberry Cream Cheese Ice Cream,Ice Cream,PERFECT_PLENTY_200GMS,True
Monkey Business Ice Cream (Family Feast (550gms)),Monkey Business Ice Cream,Ice Cream,FAMILY_TUB_550GMS,True
Masala Chai Ice Cream (Perfect Plenty (300ml)),Masala Chai Ice Cream,Ice Cream,PERFECT_PLENTY_300ML,True
Eggless Paan & Gulkand Ice Cream (navratri) (Regular Tub (300ml)),Eggless Paan & Gulkand Ice Cream,Ice Cream,REGULAR_TUB_300ML,True
Bean-to-bar Chocolate 70% Dark Ice Cream (Regular Scoop),Bean-to-Bar Dark Chocolate Ice Cream,Ice Cream,REGULAR_SCOOP_120GMS,True
Eggless Coffee Mascarpone Ice Cream (navratri) (Regular Tub (300ml)),Eggless Coffee Mascarpone Ice Cream,Ice Cream,REGULAR_TUB_300ML,True
Dates & Chocolate Eggless (Regular Scoop),Dates & Chocolate Eggless,Ice Cream,REGULAR_SCOOP_120GMS,True
Eggless Coconut & Pineapple Ice Cream (navratri) (Regular Tub (300ml)),Eggless Coconut & Pineapple Ice Cream,Ice Cream,REGULAR_TUB_300ML,True
Eggless Coconut &amp; Pineapple Ice Cream (Navratri) (Mini Tub (200ml)),Eggless Coconut & Pineapple Ice Cream,Ice Cream,MINI_TUB_200ML,True
Dates With Fig &amp; Orange Eggless (Regular Tub (300ml)),Dates With Fig & Orange Eggless,Ice Cream,REGULAR_TUB_300ML,True
Bean-to-bar Chocolate 70% Dark Ice Cream (Mini tub (200ml)),Bean-to-Bar Dark Chocolate Ice Cream,Ice Cream,MINI_TUB_200ML,True
Eggless Paan & Gulkand Ice Cream (navratri) (Family Tub (725ml)),Eggless Paan & Gulkand Ice Cream,Ice Cream,FAMILY_TUB_725ML,True
Eggless Fig & Orange Ice Cream (navratri) (Regular Tub (300ml)),Eggless Fig & Orange Ice Cream,Ice Cream,REGULAR_TUB_300ML,True
Eggless Coffee Mascarpone Ice Cream (Perfect Plenty),Eggless Coffee Mascarpone Ice Cream,Ice Cream,PERFECT_PLENTY_200GMS,True
Eggless Strawberry Cream Cheese Ice Cream (navratri) (Family Tub (725ml)),Eggless Strawberry Cream Cheese Ice Cream,Ice Cream,FAMILY_TUB_725ML,True
Special Packaging Thermocol Charges,Special Packaging Thermocol Charges,Extra,1_PIECE,True
Dates With Fig & Orange Eggless (Regular Tub (300ml)),Dates With Fig & Orange Eggless,Ice Cream,REGULAR_TUB_300ML,True
Ice Cream Cake 1kg,Ice Cream Cake,Ice Cream,1KG,True
Dates With Fig & Orange Eggless (Regular Scoop),Dates With Fig & Orange Eggless,Ice Cream,REGULAR_SCOOP_120GMS,True
Cakes &amp; Cookies Ice Cream (Regular Tub (300ml)),Cakes & Cookies Ice Cream,Ice Cream,REGULAR_TUB_300ML,True
Eggless Cherry &amp; Chocolate Ice Cream (Regular Tub (300ml)),Eggless Cherry & Chocolate Ice Cream,Ice Cream,REGULAR_TUB_300ML,True
Dates & Chocolate 200ml,Dates & Chocolate Eggless,Ice Cream,MINI_TUB_200ML,True
New York Baked Cheesecake Eggless,New York Baked Cheesecake Eggless,Dessert,1_PIECE,True
Dates With Fig & Orange Eggless (Family Tub (725ml)),Dates With Fig & Orange Eggless,Ice Cream,FAMILY_TUB_725ML,True
Paan & Gulkand Ice Cream (Mini tub (200ml)),Eggless Paan & Gulkand Ice Cream,Ice Cream,MINI_TUB_200ML,True
Cream Cheese Fruit Medley Cake,Cream Cheese Fruit Medley Cake,Dessert,1_PIECE,True
Eggless Fig & Orange Ice Cream (Regular Tub (300ml)),Eggless Fig & Orange Ice Cream,Ice Cream,REGULAR_TUB_300ML,True
Sunshine Limone Ice Cream (Family Feast (725ml)),Sunshine Limone Ice Cream,Ice Cream,FAMILY_TUB_725ML,True
Masala Chai Ice Cream (Mini tub (200ml)),Masala Chai Ice Cream,Ice Cream,MINI_TUB_200ML,True
Dates With Fig & Orange 200ml,Dates With Fig & Orange Eggless,Ice Cream,MINI_TUB_200ML,True
Eggless Paan & Gulkand Ice Cream (Junior Scoop),Eggless Paan & Gulkand Ice Cream,Ice Cream,JUNIOR_SCOOP_60GMS,True
Dates With Fig & Orange 200ml (eggless),Dates With Fig & Orange Eggless,Ice Cream,MINI_TUB_200ML,True
Fig Orange Ice Cream (Perfect Plenty (200gms)),Eggless Fig & Orange Ice Cream,Ice Cream,PERFECT_PLENTY_200GMS,True
Triple Chocolate Ice Cream (Perfect Plenty (200gms)),Triple Chocolate Ice Cream,Ice Cream,PERFECT_PLENTY_200GMS,True
Assorted Cookie Duo ( Dark Chocolate (1pc) + Choco Chip (1pc) ),Assorted Cookie Duo ( Dark Chocolate + Choco Chip ),Dessert,1_PIECE,True
Cakes & Cookies Ice Cream (Family Tub (725ml)),Cakes & Cookies Ice Cream,Ice Cream,FAMILY_TUB_725ML,True
School Kids Factor Visit,School Kids Factory Visit,Service,1_PIECE,True
Choco Chunk Cookie (2pcs),Choco Chunk Cookie,Dessert,2_PIECES,True
Coffee Mascarpone Ice Cream (Perfect Plenty),Coffee Mascarpone Ice Cream,Ice Cream,PERFECT_PLENTY_200GMS,True
Triple Chocolate Ice Cream (Regular Scoop),Triple Chocolate Ice Cream,Ice Cream,REGULAR_SCOOP_120GMS,True
Dark Double Chocolate Cookie(2pcs),Dark Double Chocolate Cookie,Dessert,2_PIECES,True
Eggless Fig &amp; Orange Ice Cream Small Scoop,Eggless Fig & Orange Ice Cream,Ice Cream,JUNIOR_SCOOP_60GMS,True
Choco Chunk Cookie(1pcs),Choco Chunk Cookie,Dessert,1_PIECE,True
Bean-to-bar Chocolate 70% Dark Ice Cream (Perfect Plenty (300ml)),Bean-to-Bar Dark Chocolate Ice Cream,Ice Cream,PERFECT_PLENTY_300ML,True
Paan & Gulkand Ice Cream (Perfect Plenty (300ml)),Eggless Paan & Gulkand Ice Cream,Ice Cream,PERFECT_PLENTY_300ML,True
Custom Diwali Cookie Set,Custom Diwali Cookie Set,Dessert,1_PIECE,True
Strawberry Cream Cheese Ice Cream (Regular Tub (300ml)),Eggless Strawberry Cream Cheese Ice Cream,Ice Cream,REGULAR_TUB_300ML,True
Eggless Coconut &amp; Pineapple Ice Cream (Regular Scoop),Eggless Coconut & Pineapple Ice Cream,Ice Cream,REGULAR_SCOOP_120GMS,True
Eggless Old Fashion Vanila Ice Cream (Regular Scoop),Eggless Old Fashion Vanilla Ice Cream,Ice Cream,REGULAR_SCOOP_120GMS,True
Dates &amp; Chocolate Small Scoop,Dates & Chocolate Eggless,Ice Cream,JUNIOR_SCOOP_60GMS,True
Dates With Fig &amp; Orange Small Scoop,Dates With Fig & Orange Eggless,Ice Cream,JUNIOR_SCOOP_60GMS,True
Old Fashion Vanilla Ice Cream (Junior Scoop),Old Fashion Vanilla Ice Cream,Ice Cream,JUNIOR_SCOOP_60GMS,True
Eggless Chocolate Ice Cream (Junior Scoop),Eggless Just Chocolate,Ice Cream,JUNIOR_SCOOP_60GMS,True
Dates With Fig & Orange Eggless (Mini tub (200ml)),Dates With Fig & Orange Eggless,Ice Cream,MINI_TUB_200ML,True
Employee Dessert ( Any 1 ),Employee Dessert ( Any 1 ),Dessert,1_PIECE,True
Masala Chai Ice Cream (Regular Scoop),Masala Chai Ice Cream,Ice Cream,REGULAR_SCOOP_120GMS,True
Eggless Coconut &amp; Pineapple Ice Cream (Regular Tub (300ml)),Eggless Coconut & Pineapple Ice Cream,Ice Cream,REGULAR_TUB_300ML,True
Eggless Fig &amp; Orange Ice Cream (Regular Tub (300ml)),Eggless Fig & Orange Ice Cream,Ice Cream,REGULAR_TUB_300ML,True
Dates & Chocolate Eggless (Mini tub (200ml)),Dates & Chocolate Eggless,Ice Cream,MINI_TUB_200ML,True
Coffee Mascarpone Ice Cream (Family Tub (700ml)),Coffee Mascarpone Ice Cream,Ice Cream,FAMILY_TUB_700ML,True
Eggless Paan & Gulkand Ice Cream (Family Tub (700ml)),Eggless Paan & Gulkand Ice Cream,Ice Cream,FAMILY_TUB_700ML,True
Dates & Chocolate Eggless (Family Tub (700ml)),Dates & Chocolate Eggless,Ice Cream,FAMILY_TUB_700ML,True
Eggless Chocolate Overload (Junior Scoop),Eggless Chocolate Overload Ice Cream,Ice Cream,JUNIOR_SCOOP_60GMS,True
Butter Waffle Cones (1pcs),Butter Waffle Cone,Extra,1_PIECE,True
Old Fashion Vanilla Ice Cream (Family Tub (700ml)),Old Fashion Vanilla Ice Cream,Ice Cream,FAMILY_TUB_700ML,True
Eggless Chocolate Ice Cream (Family Tub (700ml)),Eggless Just Chocolate,Ice Cream,FAMILY_TUB_700ML,True
Eggless Banoffee Ice Cream (Family Tub (700ml)),Eggless Banoffee Ice Cream,Ice Cream,FAMILY_TUB_700ML,True
Triple Chocolate Ice Cream (Family Feast),Triple Chocolate Ice Cream,Ice Cream,FAMILY_TUB_725ML,True
Old Fashion Vanilla Ice Cream (Perfect Plenty),Old Fashion Vanilla Ice Cream,Ice Cream,PERFECT_PLENTY_200GMS,True
Pistachio Ice Cream (Family Tub (700ml)),Pistachio Ice Cream,Ice Cream,FAMILY_TUB_700ML,True
Eggless Coconut & Pineapple Ice Cream (Family Tub (700ml)),Eggless Coconut & Pineapple Ice Cream,Ice Cream,FAMILY_TUB_700ML,True
Butter Waffle Cones (2pcs),Butter Waffle Cone,Extra,2_PIECES,True
Eggless Coffee Mascarpone Ice Cream (Family Tub (700ml)),Eggless Coffee Mascarpone Ice Cream,Ice Cream,FAMILY_TUB_700ML,True
Strawberry Cream Cheese Ice Cream (Perfect Plenty),Eggless Strawberry Cream Cheese Ice Cream,Ice Cream,PERFECT_PLENTY_200GMS,True
Eggless Milk Chocolate (Perfect Plenty),Eggless Milk Chocolate Ice Cream,Ice Cream,PERFECT_PLENTY_200GMS,True
Eggless Strawberry Cream Cheese Ice Cream (Family Tub (700ml)),Eggless Strawberry Cream Cheese Ice Cream,Ice Cream,FAMILY_TUB_700ML,True
Bean-to-bar Chocolate Dark Ice Cream (Family Tub (700ml)),Bean-to-Bar Dark Chocolate Ice Cream,Ice Cream,FAMILY_TUB_700ML,True
Monkey Business Ice Cream (Family Tub (700ml)),Monkey Business Ice Cream,Ice Cream,FAMILY_TUB_700ML,True
Brownie Cheesecake,Brownie Cheesecake,Dessert,1_PIECE,True
Cakes & Cookies Ice Cream (Family Tub (700ml)),Cakes & Cookies Ice Cream,Ice Cream,FAMILY_TUB_700ML,True
Paan & Gulkand Ice Cream (Regular Tub (300ml)),Eggless Paan & Gulkand Ice Cream,Ice Cream,REGULAR_TUB_300ML,True
Sunshine Limone Ice Cream (Family Tub (700ml)),Sunshine Limone Ice Cream,Ice Cream,FAMILY_TUB_700ML,True
Eggless Paan & Gulkand Ice Cream (Perfect Plenty),Eggless Paan & Gulkand Ice Cream,Ice Cream,PERFECT_PLENTY_200GMS,True
Bean-to-bar 70% Dark Chocolate Ice Cream (Family Feast (725ml)),Bean-to-Bar Dark Chocolate Ice Cream,Ice Cream,FAMILY_TUB_725ML,True
Eggless Chocolate Overload (Family Tub (700ml)),Eggless Chocolate Overload Ice Cream,Ice Cream,FAMILY_TUB_700ML,True
Pistachio Ice Cream (Junior Scoop),Pistachio Ice Cream,Ice Cream,JUNIOR_SCOOP_60GMS,True
Dates With Fig & Orange Eggless (Family Tub (700ml)),Dates With Fig & Orange Eggless,Ice Cream,FAMILY_TUB_700ML,True
Fudgy Chocolate Brownie,Fudgy Chocolate Brownie,Dessert,1_PIECE,True
Hot Chocolate Fudge Sauce (250gm),Hot Chocolate Fudge Sauce,Extra,250GMS,True
Bean-to-bar Dark Chocolate Ice Cream (Family Tub (700ml)),Bean-to-Bar Dark Chocolate Ice Cream,Ice Cream,FAMILY_TUB_700ML,True
Orange & Chocolate Cheesecake,Orange & Chocolate Cheesecake,Dessert,1_PIECE,True
Triple Chocolate Ice Cream (Perfect Plenty (350ml)),Triple Chocolate Ice Cream,Ice Cream,PERFECT_PLENTY_350ML,True
Go Bananas Ice Cream 200ml,Go Bananas Ice Cream,Ice Cream,MINI_TUB_200ML,True
Masala Chai Ice Cream (Family Tub (700ml)),Masala Chai Ice Cream,Ice Cream,FAMILY_TUB_700ML,True
Rose Cardamom Ice Cream (Family Tub (700ml)),Rose Cardamom Ice Cream,Ice Cream,FAMILY_TUB_700ML,True
Dates & Chocolate 200ml (eggless),Dates & Chocolate Eggless,Ice Cream,MINI_TUB_200ML,True
Eggles Cherry &amp; Chocolate 200ml,Eggless Cherry & Chocolate Ice Cream,Ice Cream,MINI_TUB_200ML,True
Eggless Cherry & Chocolate Ice Cream (Perfect Plenty (300ml)),Eggless Cherry & Chocolate Ice Cream,Ice Cream,PERFECT_PLENTY_300ML,True
Eggless Chocolate Ice Cream (Perfect Plenty (325ml)),Eggless Just Chocolate,Ice Cream,PERFECT_PLENTY_325ML,True
Eggless Chocolate Overload (Regular Tub (220gms)),Eggless Chocolate Overload Ice Cream,Ice Cream,REGULAR_TUB_220GMS,True
Eggless Banoffee Ice Cream (Regular Tub (220gms)),Eggless Banoffee Ice Cream,Ice Cream,REGULAR_TUB_220GMS,True
Bean-to-bar Chocolate Dark Ice Cream (Regular Tub (220gms)),Bean-to-Bar Dark Chocolate Ice Cream,Ice Cream,REGULAR_TUB_220GMS,True
Eggless Paan & Gulkand Ice Cream (Regular Tub (220gms)),Eggless Paan & Gulkand Ice Cream,Ice Cream,REGULAR_TUB_220GMS,True
Eggless Cherry & Chocolate Ice Cream (Regular Tub (220gms)),Eggless Cherry & Chocolate Ice Cream,Ice Cream,REGULAR_TUB_220GMS,True
Sunshine Limone Ice Cream (Regular Tub (220gms)),Sunshine Limone Ice Cream,Ice Cream,REGULAR_TUB_220GMS,True
Strawberry Cream Cheese Ice Cream (Regular Tub (220gms)),Eggless Strawberry Cream Cheese Ice Cream,Ice Cream,REGULAR_TUB_220GMS,True
Pistachio Ice Cream (Regular Tub (220gms)),Pistachio Ice Cream,Ice Cream,REGULAR_TUB_220GMS,True
Fig & Orange Ice Cream (Regular Tub (220gms)),Eggless Fig & Orange Ice Cream,Ice Cream,REGULAR_TUB_220GMS,True
Just Chocolate Ice Cream (Mini Tub (160gms)),Eggless Just Chocolate,Ice Cream,MINI_TUB_160GMS,True
Eggless Coffee Mascarpone Ice Cream (Mini Tub (160gms)),Eggless Coffee Mascarpone Ice Cream,Ice Cream,MINI_TUB_160GMS,True
Banoffee Ice Cream (Mini Tub (160gms)),Eggless Banoffee Ice Cream,Ice Cream,MINI_TUB_160GMS,True
Cherry & Chocolate Fudge Ice Cream (Regular Scoop (120gm)),Cherry & Chocolate Fudge Ice Cream,Ice Cream,REGULAR_SCOOP_120GMS,True
Strawberry Cream Cheese Ice Cream (Mini Tub (160gms)),Eggless Strawberry Cream Cheese Ice Cream,Ice Cream,MINI_TUB_160GMS,True
Eggless Coconut & Pineapple Ice Cream (Regular Tub (220gms)),Eggless Coconut & Pineapple Ice Cream,Ice Cream,REGULAR_TUB_220GMS,True
Dates & Chocolate (Mini Tub (160gms)),Dates & Chocolate Eggless,Ice Cream,MINI_TUB_160GMS,True
Strawberry Cream Cheese Ice Cream (Regular Scoop (120gm)),Eggless Strawberry Cream Cheese Ice Cream,Ice Cream,REGULAR_SCOOP_120GMS,True
Dates & Chocolate (Regular Scoop (120gm)),Dates & Chocolate Eggless,Ice Cream,REGULAR_SCOOP_120GMS,True
Bean-to-bar Dark Chocolate Ice Cream (Mini Tub (160gms)),Bean-to-Bar Dark Chocolate Ice Cream,Ice Cream,MINI_TUB_160GMS,True
Paan & Gulkand Ice Cream (Regular Tub (220gms)),Eggless Paan & Gulkand Ice Cream,Ice Cream,REGULAR_TUB_220GMS,True
Paan & Gulkand Ice Cream (Regular Scoop (120gm)),Eggless Paan & Gulkand Ice Cream,Ice Cream,REGULAR_SCOOP_120GMS,True
Eggless Coconut & Pineapple Ice Cream (Regular Scoop (120gm)),Eggless Coconut & Pineapple Ice Cream,Ice Cream,REGULAR_SCOOP_120GMS,True
Eggless Coffee Mascarpone Ice Cream (Regular Scoop (120gm)),Eggless Coffee Mascarpone Ice Cream,Ice Cream,REGULAR_SCOOP_120GMS,True
Eggless Chocolate Overload (Regular Scoop (120gm)),Eggless Chocolate Overload Ice Cream,Ice Cream,REGULAR_SCOOP_120GMS,True
Bean-to-bar Dark Chocolate Ice Cream (Regular Tub (220gms)),Bean-to-Bar Dark Chocolate Ice Cream,Ice Cream,REGULAR_TUB_220GMS,True
Coffee Mascarpone Ice Cream (Regular Tub (220gms)),Coffee Mascarpone Ice Cream,Ice Cream,REGULAR_TUB_220GMS,True
Banoffee Ice Cream (Regular Tub (220gms)),Eggless Banoffee Ice Cream,Ice Cream,REGULAR_TUB_220GMS,True
Paan & Gulkand Ice Cream (Mini tub (160gms)),Eggless Paan & Gulkand Ice Cream,Ice Cream,MINI_TUB_160GMS,True
Eggless Coffee Mascarpone Ice Cream (Regular Tub (220gms)),Eggless Coffee Mascarpone Ice Cream,Ice Cream,REGULAR_TUB_220GMS,True
Pistachio Ice Cream (Regular Scoop (120gm)),Pistachio Ice Cream,Ice Cream,REGULAR_SCOOP_120GMS,True
Old Fashion Vanilla Ice Cream (Junior Scoop (60gm)),Old Fashion Vanilla Ice Cream,Ice Cream,JUNIOR_SCOOP_60GMS,True
Bean-to-Bar 70% Dark Chocolate Ice Cream (Perfect Plenty (325ml)),Bean-to-Bar Dark Chocolate Ice Cream,Ice Cream,PERFECT_PLENTY_325ML,True
Triple Chocolate Ice Cream (Perfect Plenty (325ml)),Triple Chocolate Ice Cream,Ice Cream,PERFECT_PLENTY_325ML,True
Monkey Business Ice Cream (Regular Tub (220gms)),Monkey Business Ice Cream,Ice Cream,REGULAR_TUB_220GMS,True
Banoffee Ice Cream (Mini tub (160gms)),Eggless Banoffee Ice Cream,Ice Cream,MINI_TUB_160GMS,True
Coffee Mascarpone Ice Cream (Mini tub (160gms)),Coffee Mascarpone Ice Cream,Ice Cream,MINI_TUB_160GMS,True
Just Chocolate Ice Cream (Regular Tub (220gms)),Eggless Just Chocolate,Ice Cream,REGULAR_TUB_220GMS,True
Cherry & Chocolate Fudge Ice Cream (Regular Tub (220gms)),Cherry & Chocolate Fudge Ice Cream,Ice Cream,REGULAR_TUB_220GMS,True
Eggless Coconut & Pineapple Ice Cream (Mini Tub (160gms)),Eggless Coconut & Pineapple Ice Cream,Ice Cream,MINI_TUB_160GMS,True
Old Fashion Vanilla Ice Cream (Mini Tub (160gms)),Old Fashion Vanilla Ice Cream,Ice Cream,MINI_TUB_160GMS,True
Pistachio Ice Cream (160gm),Pistachio Ice Cream,Ice Cream,MINI_TUB_160GMS,True
Eggless Coffee Mascarpone Ice Cream (160gm),Eggless Coffee Mascarpone Ice Cream,Ice Cream,MINI_TUB_160GMS,True
Bean-to-bar 70% Dark Chocolate Ice Cream (160gm),Bean-to-Bar Dark Chocolate Ice Cream,Ice Cream,MINI_TUB_160GMS,True
Monkey Business Ice Cream (Mini Tub (160gms)),Monkey Business Ice Cream,Ice Cream,MINI_TUB_160GMS,True
Coffee Mascarpone Ice Cream (Mini Tub (160gms)),Coffee Mascarpone Ice Cream,Ice Cream,MINI_TUB_160GMS,True
Old Fashion Vanilla Ice Cream (Regular Scoop (120gm)),Old Fashion Vanilla Ice Cream,Ice Cream,REGULAR_SCOOP_120GMS,True
Fig & Orange Ice Cream (Regular Scoop (120gm)),Eggless Fig & Orange Ice Cream,Ice Cream,REGULAR_SCOOP_120GMS,True
Cherry & Chocolate Fudge Ice Cream (Mini tub (160gms)),Cherry & Chocolate Fudge Ice Cream,Ice Cream,MINI_TUB_160GMS,True
Cakes & Cookies Ice Cream (Mini Tub (160gms)),Cakes & Cookies Ice Cream,Ice Cream,MINI_TUB_160GMS,True
Eggless Chocolate Overload (Mini Tub (160gms)),Eggless Chocolate Overload Ice Cream,Ice Cream,MINI_TUB_160GMS,True
Monkey Business Ice Cream (Regular Scoop (120gm)),Monkey Business Ice Cream,Ice Cream,REGULAR_SCOOP_120GMS,True
Fig & Orange Ice Cream (Mini tub (160gms)),Eggless Fig & Orange Ice Cream,Ice Cream,MINI_TUB_160GMS,True
Dates & Chocolate (160gm),Dates & Chocolate Eggless,Ice Cream,MINI_TUB_160GMS,True
Fig & Orange (160gm),Eggless Fig & Orange Ice Cream,Ice Cream,MINI_TUB_160GMS,True
Coconut & Pineapple (160gm),Eggless Coconut & Pineapple Ice Cream,Ice Cream,MINI_TUB_160GMS,True
Banoffee Ice Cream (Regular Scoop (120gm)),Eggless Banoffee Ice Cream,Ice Cream,REGULAR_SCOOP_120GMS,True
Sunshine Limone Ice Cream (Regular Scoop (120gm)),Sunshine Limone Ice Cream,Ice Cream,REGULAR_SCOOP_120GMS,True
Coffee Mascarpone Ice Cream (Regular Scoop (120gm)),Coffee Mascarpone Ice Cream,Ice Cream,REGULAR_SCOOP_120GMS,True
Strawberry Cream Cheese Ice Cream (Mini tub (160gms)),Eggless Strawberry Cream Cheese Ice Cream,Ice Cream,MINI_TUB_160GMS,True
Eggless Chocolate Overload (Mini tub (160gms)),Eggless Chocolate Overload Ice Cream,Ice Cream,MINI_TUB_160GMS,True
Banoffee Ice Cream (160gm),Eggless Banoffee Ice Cream,Ice Cream,MINI_TUB_160GMS,True
Paan & Gulkand Ice Cream (160gm),Eggless Paan & Gulkand Ice Cream,Ice Cream,MINI_TUB_160GMS,True
Sunshine Limone Ice Cream (Mini tub (160gms)),Sunshine Limone Ice Cream,Ice Cream,MINI_TUB_160GMS,True
Masala Chai Ice Cream (Regular Scoop (120gm)),Masala Chai Ice Cream,Ice Cream,REGULAR_SCOOP_120GMS,True
Coffee Mascarpone Ice Cream (Family Tub (500gms)),Coffee Mascarpone Ice Cream,Ice Cream,FAMILY_TUB_500GMS,True
Dates With Fig & Orange (Regular Tub (220gms)),Dates With Fig & Orange Eggless,Ice Cream,REGULAR_TUB_220GMS,True
Monkey Business Ice Cream (160gm),Monkey Business Ice Cream,Ice Cream,MINI_TUB_160GMS,True
Chocolate Overload (160gm),Eggless Chocolate Overload Ice Cream,Ice Cream,MINI_TUB_160GMS,True
Eggless Chocolate Overload (Family Tub (500gms)),Eggless Chocolate Overload Ice Cream,Ice Cream,FAMILY_TUB_500GMS,True
Strawberry Cream Cheese Ice Cream (Family Tub (500gms)),Eggless Strawberry Cream Cheese Ice Cream,Ice Cream,FAMILY_TUB_500GMS,True
Pistachio Ice Cream (Mini Tub (160gms)),Pistachio Ice Cream,Ice Cream,MINI_TUB_160GMS,True
Coffee Mascarpone Ice Cream (160gm),Coffee Mascarpone Ice Cream,Ice Cream,MINI_TUB_160GMS,True
Old Fashion Vanilla Ice Cream (160gm),Old Fashion Vanilla Ice Cream,Ice Cream,MINI_TUB_160GMS,True
Dates & Chocolate (Family Tub (500gms)),Dates & Chocolate Eggless,Ice Cream,FAMILY_TUB_500GMS,True
Old Fashion Vanilla Ice Cream (Regular Tub (220gms)),Old Fashion Vanilla Ice Cream,Ice Cream,REGULAR_TUB_220GMS,True
Cakes & Cookies Ice Cream (Mini tub (160gms)),Cakes & Cookies Ice Cream,Ice Cream,MINI_TUB_160GMS,True
Fig & Orange Ice Cream (Mini Tub (160gms)),Eggless Fig & Orange Ice Cream,Ice Cream,MINI_TUB_160GMS,True
Sunshine Limone Ice Cream (Mini Tub (160gms)),Sunshine Limone Ice Cream,Ice Cream,MINI_TUB_160GMS,True
Eggless Chocolate Ice Cream (Perfect Plenty),Eggless Just Chocolate,Ice Cream,PERFECT_PLENTY_200GMS,True
Cakes & Cookies Ice Cream (Regular Scoop (120gm)),Cakes & Cookies Ice Cream,Ice Cream,REGULAR_SCOOP_120GMS,True
Orange &amp; Chocolate Cheesecake,Orange & Chocolate Cheesecake,Dessert,1_PIECE,True
Dates With Fig & Orange (Regular Scoop (120gm)),Dates With Fig & Orange Eggless,Ice Cream,REGULAR_SCOOP_120GMS,True
Takeaway Cup,Takeaway Cup,Extra,1_PIECE,True
Cakes & Cookies Ice Cream (Regular Tub (220gms)),Cakes & Cookies Ice Cream,Ice Cream,REGULAR_TUB_220GMS,True
Bean-to-Bar 70% Dark Chocolate Ice Cream (Perfect Plenty (300ml)),Bean-to-Bar Dark Chocolate Ice Cream,Ice Cream,PERFECT_PLENTY_300ML,True
Dates & Chocolate (Regular Tub (220gms)),Dates & Chocolate Eggless,Ice Cream,REGULAR_TUB_220GMS,True
Sunshine Limone Ice Cream (160gm),Sunshine Limone Ice Cream,Ice Cream,MINI_TUB_160GMS,True
Strawberry Cream Cheese Ice Cream (160gm),Eggless Strawberry Cream Cheese Ice Cream,Ice Cream,MINI_TUB_160GMS,True
Rose Cardamom Ice Cream (Regular Scoop (120gm)),Rose Cardamom Ice Cream,Ice Cream,REGULAR_SCOOP_120GMS,True
Dates & Chocolate (Mini tub (160gms)),Dates & Chocolate Eggless,Ice Cream,MINI_TUB_160GMS,True
Chocolate & Orange (contains Alcohol) (Mini Tub (160gms)),Chocolate & Orange (Contains Alcohol) Ice Cream,Ice Cream,MINI_TUB_160GMS,True
Cakes & Cookies (160gm),Cakes & Cookies Ice Cream,Ice Cream,MINI_TUB_160GMS,True
Masala Chai Ice Cream (160gm),Masala Chai Ice Cream,Ice Cream,MINI_TUB_160GMS,True
Chocolate & Orange (contains Alcohol) (Regular Tub (220gms)),Chocolate & Orange (Contains Alcohol) Ice Cream,Ice Cream,REGULAR_TUB_220GMS,True
Eggless Coconut &amp; Pineapple Ice Cream (Mini Tub (160gms)),Eggless Coconut & Pineapple Ice Cream,Ice Cream,MINI_TUB_160GMS,True
Curious Creations Duo,Design Your Indulgence Duo,Combo,DUO_200ML_200ML,True
Dates With Fig & Orange (Mini Tub (160gms)),Dates With Fig & Orange Eggless,Ice Cream,MINI_TUB_160GMS,True
Cherry & Chocolate Fudge Ice Cream (Mini Tub (160gms)),Cherry & Chocolate Fudge Ice Cream,Ice Cream,MINI_TUB_160GMS,True
Rose Cardamom Ice Cream (Mini Tub (160gms)),Rose Cardamom Ice Cream,Ice Cream,MINI_TUB_160GMS,True
Classic Night &amp; Day Duo,Design Your Indulgence Duo,Combo,DUO_200ML_200ML,True
Eggless Milk Chocolate Ice Cream 200ml,Eggless Milk Chocolate Ice Cream,Ice Cream,MINI_TUB_200ML,True
Bean-to-bar Chocolate Dark Ice Cream (Mini tub (160gms)),Bean-to-Bar Dark Chocolate Ice Cream,Ice Cream,MINI_TUB_160GMS,True
Butter Waffle Cone (2pcs),Butter Waffle Cone,Extra,2_PIECES,True
Masala Chai Ice Cream (Mini Tub (160gms)),Masala Chai Ice Cream,Ice Cream,MINI_TUB_160GMS,True
Monkey Business Ice Cream (Mini tub (160gms)),Monkey Business Ice Cream,Ice Cream,MINI_TUB_160GMS,True
Bean-to-bar Dark Chocolate Ice Cream (Family Tub (500gms)),Bean-to-Bar Dark Chocolate Ice Cream,Ice Cream,FAMILY_TUB_500GMS,True
Just Chocolate Ice Cream (Family Tub (500gms)),Eggless Just Chocolate,Ice Cream,FAMILY_TUB_500GMS,True
Banoffee Ice Cream (Family Tub (500gms)),Eggless Banoffee Ice Cream,Ice Cream,FAMILY_TUB_500GMS,True
Just Chocolate Ice Cream (Junior Scoop (60gm)),Eggless Just Chocolate,Ice Cream,JUNIOR_SCOOP_60GMS,True
Dates With Fig & Orange (Family Tub (500gms)),Dates With Fig & Orange Eggless,Ice Cream,FAMILY_TUB_500GMS,True
Paan & Gulkand Ice Cream (Family Tub (500gms)),Eggless Paan & Gulkand Ice Cream,Ice Cream,FAMILY_TUB_500GMS,True
Pistachio Ice Cream (Family Tub (500gms)),Pistachio Ice Cream,Ice Cream,FAMILY_TUB_500GMS,True
Old Fashion Vanilla Ice Cream (Family Tub (500gms)),Old Fashion Vanilla Ice Cream,Ice Cream,FAMILY_TUB_500GMS,True
Bean-to-bar Chocolate Dark Ice Cream (Regular Scoop (120gm)),Bean-to-Bar Dark Chocolate Ice Cream,Ice Cream,REGULAR_SCOOP_120GMS,True
Pistachio Ice Cream (Mini tub (160gms)),Pistachio Ice Cream,Ice Cream,MINI_TUB_160GMS,True
Chocolate & Orange (contains Alcohol) (Regular Scoop (120gm)),Chocolate & Orange (Contains Alcohol) Ice Cream,Ice Cream,REGULAR_SCOOP_120GMS,True
Paan & Gulkand Ice Cream (Mini Tub (160gms)),Eggless Paan & Gulkand Ice Cream,Ice Cream,MINI_TUB_160GMS,True
Eggles Cherry & Chocolate 200ml,Eggless Cherry & Chocolate Ice Cream,Ice Cream,MINI_TUB_200ML,True
Egg Based Paan & Gulkand Ice Cream (Mini tub (160gms)),Eggless Paan & Gulkand Ice Cream,Ice Cream,MINI_TUB_160GMS,True
Dates With Fig & Orange (160gm),Dates With Fig & Orange Eggless,Ice Cream,MINI_TUB_160GMS,True
Coffee Mascarpone Ice Cream (Junior Scoop (60gm)),Coffee Mascarpone Ice Cream,Ice Cream,JUNIOR_SCOOP_60GMS,True
Eggless Coconut & Pineapple Ice Cream (Family Tub (500gms)),Eggless Coconut & Pineapple Ice Cream,Ice Cream,FAMILY_TUB_500GMS,True
Fig &amp; Orange Ice Cream (160gm),Eggless Fig & Orange Ice Cream,Ice Cream,MINI_TUB_160GMS,True
Coconut &amp; Pineapple (160gm),Eggless Coconut & Pineapple Ice Cream,Ice Cream,MINI_TUB_160GMS,True
Old Fashion Vanilla Ice Cream (Mini tub (160gms)),Old Fashion Vanilla Ice Cream,Ice Cream,MINI_TUB_160GMS,True
Eggless Fig & Orange Ice Cream Small Scoop,Eggless Fig & Orange Ice Cream,Ice Cream,JUNIOR_SCOOP_60GMS,True
Eggless Coconut & Pineapple Ice Cream (Junior Scoop (60gm)),Eggless Coconut & Pineapple Ice Cream,Ice Cream,JUNIOR_SCOOP_60GMS,True
Cherry & Chocolate (160gm),Cherry & Chocolate Fudge Ice Cream,Ice Cream,MINI_TUB_160GMS,True
Fig & Orange Ice Cream (Family Tub (500gms)),Eggless Fig & Orange Ice Cream,Ice Cream,FAMILY_TUB_500GMS,True
Bean-to-bar Chocolate Dark Ice Cream (Junior Scoop (60gm)),Bean-to-Bar Dark Chocolate Ice Cream,Ice Cream,JUNIOR_SCOOP_60GMS,True
Strawberry Cream Cheese Ice Cream (Junior Scoop (60gm)),Eggless Strawberry Cream Cheese Ice Cream,Ice Cream,JUNIOR_SCOOP_60GMS,True
Sunshine Limone Ice Cream (Junior Scoop (60gm)),Sunshine Limone Ice Cream,Ice Cream,JUNIOR_SCOOP_60GMS,True
Eggless Kulfi Inspired Ice Cream (Regular Scoop),Eggless Kulfi Inspired Ice Cream,Ice Cream,REGULAR_SCOOP_120GMS,True
Fig & Orange Ice Cream (160gm),Eggless Fig & Orange Ice Cream,Ice Cream,MINI_TUB_160GMS,True
Rose Cardamom Ice Cream (160gm),Rose Cardamom Ice Cream,Ice Cream,MINI_TUB_160GMS,True
Chocolate & Orange With Alcohol (160gm),Chocolate & Orange (Contains Alcohol) Ice Cream,Ice Cream,MINI_TUB_160GMS,True
Fudgy Chocolate Brownie (2pcs) - Round Shape,Fudgy Chocolate Brownie,Dessert,2_PIECES,True
Fudgy Chocolate Brownie (1pc),Fudgy Chocolate Brownie,Dessert,1_PIECE,True
Eggless Cherry & Chocolate Ice Cream Small Scoop,Eggless Cherry & Chocolate Ice Cream,Ice Cream,JUNIOR_SCOOP_60GMS,True
Eggless Coffee Mascarpone Ice Cream (Mini tub (160gms)),Eggless Coffee Mascarpone Ice Cream,Ice Cream,MINI_TUB_160GMS,True
Paan & Gulkand Ice Cream (Junior Scoop (60gm)),Eggless Paan & Gulkand Ice Cream,Ice Cream,JUNIOR_SCOOP_60GMS,True
Chocolate & Orange (contains Alcohol) (Mini tub (160gms)),Chocolate & Orange (Contains Alcohol) Ice Cream,Ice Cream,MINI_TUB_160GMS,True
Monkey Business Ice Cream (Family Tub (500gms)),Monkey Business Ice Cream,Ice Cream,FAMILY_TUB_500GMS,True
Banoffee Ice Cream (Junior Scoop (60gm)),Eggless Banoffee Ice Cream,Ice Cream,JUNIOR_SCOOP_60GMS,True
Orange Ice Cream (with Alcohol) (Mini tub (160gms)),Orange (Contains Alcohol) Ice Cream,Ice Cream,MINI_TUB_160GMS,True
Chocolate & Orange (contains Alcohol) (Junior Scoop (60gm)),Chocolate & Orange (Contains Alcohol) Ice Cream,Ice Cream,JUNIOR_SCOOP_60GMS,True
Nonas Traditional Plum Cake (eggless) Contains Alcohol,Nonas Traditional Plum Cake Eggless Contains Alcohol,Dessert,1_PIECE,True
Eggless Paan & Gulkand Ice Cream Small Scoop,Eggless Paan & Gulkand Ice Cream,Ice Cream,JUNIOR_SCOOP_60GMS,True
Egg Strawberry Cream Cheese Ice Cream (Regular Tub (220gms)),Eggless Strawberry Cream Cheese Ice Cream,Ice Cream,REGULAR_TUB_220GMS,True
Eggless Chocolate Overload (Junior Scoop (60gm)),Eggless Chocolate Overload Ice Cream,Ice Cream,JUNIOR_SCOOP_60GMS,True
Cherry & Chocolate Fudge Ice Cream (Junior Scoop (60gm)),Cherry & Chocolate Fudge Ice Cream,Ice Cream,JUNIOR_SCOOP_60GMS,True
Eggless Coconut & Pineapple Ice Cream (Mini tub (160gms)),Eggless Coconut & Pineapple Ice Cream,Ice Cream,MINI_TUB_160GMS,True
Orange Ice Cream (with Alcohol) (Regular Tub (220gms)),Orange (Contains Alcohol) Ice Cream,Ice Cream,REGULAR_TUB_220GMS,True
Egg Strawberry Cream Cheese Ice Cream (Mini tub (160gms)),Eggless Strawberry Cream Cheese Ice Cream,Ice Cream,MINI_TUB_160GMS,True
Triple Chocolate Ice Cream (Mini tub (200ml)),Triple Chocolate Ice Cream,Ice Cream,MINI_TUB_200ML,True
D&n Traditional Plum Cake (eggless) Contains Alcohol,D&N Traditional Plum Cake Eggless Contains Alcohol,Dessert,1_PIECE,True
Eggless Chocolate Ice Cream (Family Feast (725ml)),Eggless Just Chocolate,Ice Cream,FAMILY_TUB_725ML,True
Dates With Fig &amp; Orange (Mini Tub (160gms)),Dates With Fig & Orange Eggless,Ice Cream,MINI_TUB_160GMS,True
Just Chocolate Ice Cream (Regular Scoop (120gm)),Eggless Just Chocolate,Ice Cream,REGULAR_SCOOP_120GMS,True
Monkey Business Ice Cream (Junior Scoop (60gm)),Monkey Business Ice Cream,Ice Cream,JUNIOR_SCOOP_60GMS,True
D&amp;N Traditional Plum Cake (Eggless) Contains Alcohol,D&N Traditional Plum Cake Eggless Contains Alcohol,Dessert,1_PIECE,True
Fig &amp; Orange Ice Cream (Regular Tub (220gms)),Eggless Fig & Orange Ice Cream,Ice Cream,REGULAR_TUB_220GMS,True
Masala Chai Ice Cream (Regular Tub (220gms)),Masala Chai Ice Cream,Ice Cream,REGULAR_TUB_220GMS,True
Rose Cardamom Ice Cream (Regular Tub (220gms)),Rose Cardamom Ice Cream,Ice Cream,REGULAR_TUB_220GMS,True
Chocolate Overload (Mini Tub (160gms)),Eggless Chocolate Overload Ice Cream,Ice Cream,MINI_TUB_160GMS,True
Chocolate Overload (Regular Tub (220gms)),Eggless Chocolate Overload Ice Cream,Ice Cream,REGULAR_TUB_220GMS,True
Dates Rose & Nuts Ice Cream (Mini tub (160gms)),Dates Rose & Nuts Ice Cream,Ice Cream,MINI_TUB_160GMS,True
Cakes & Cookies Ice Cream (160gm),Cakes & Cookies Ice Cream,Ice Cream,MINI_TUB_160GMS,True
Orange Ice Cream (with Alcohol) (Regular Scoop (120gm)),Orange (Contains Alcohol) Ice Cream,Ice Cream,REGULAR_SCOOP_120GMS,True
Cakes & Cookies Ice Cream Small Scoop,Cakes & Cookies Ice Cream,Ice Cream,JUNIOR_SCOOP_60GMS,True
Eggless Coconut & Pineapple Small Scoop,Eggless Coconut & Pineapple Ice Cream,Ice Cream,JUNIOR_SCOOP_60GMS,True
Dates Rose & Nuts Ice Cream (Regular Scoop (120gm)),Dates Rose & Nuts Ice Cream,Ice Cream,REGULAR_SCOOP_120GMS,True
Old Fashion Vanilla Ice Cream (Family Feast (725ml)),Old Fashion Vanilla Ice Cream,Ice Cream,FAMILY_TUB_725ML,True
Classic Brownie & Ice Cream With Fudge Sauce,Classic Brownie & Ice Cream With Fudge Sauce,Ice Cream,1_PIECE,True
D&n Traditional Plum Cake (eggless) 325gm Contains Alcohol,D&N Traditional Plum Cake Eggless 325gm Contains Alcohol,Dessert,1_PIECE,True
Masala Chai Ice Cream (Mini tub (160gms)),Masala Chai Ice Cream,Ice Cream,MINI_TUB_160GMS,True
Dates With Fig & Orange (Mini tub (160gms)),Dates With Fig & Orange Eggless,Ice Cream,MINI_TUB_160GMS,True
Eggless Coffee Mascarpone Ice Cream (Family Tub (500gms)),Eggless Coffee Mascarpone Ice Cream,Ice Cream,FAMILY_TUB_500GMS,True
Cappuccino,Cappuccino,Drinks,1_PIECE,True
Bean-to-Bar Dark Chocolate Ice Cream (Regular Tub (220gms)),Bean-to-Bar Dark Chocolate Ice Cream,Ice Cream,REGULAR_TUB_220GMS,True
Americano,Americano,Drinks,1_PIECE,True
D&n Traditional Plum Cake (eggless) 310gm Contains Alcohol,D&N Traditional Plum Cake Eggless 310gm Contains Alcohol,Dessert,1_PIECE,True
Chocolate Overload (Family Tub (500gms)),Eggless Chocolate Overload Ice Cream,Ice Cream,FAMILY_TUB_500GMS,True
Chocolate & Orange (contains Alcohol) Ice Cream (Mini Tub (160gms)),Chocolate & Orange (Contains Alcohol) Ice Cream,Ice Cream,MINI_TUB_160GMS,True
Strawberry Cream Cheese Ice Cream (Perfect Plenty (300ml)),Eggless Strawberry Cream Cheese Ice Cream,Ice Cream,PERFECT_PLENTY_300ML,True
Coffee Banana Cheesecake,Coffee Banana Cheesecake,Dessert,1_PIECE,True
Chocolate & Orange (contains Alcohol) Ice Cream (Regular Tub (220gms)),Chocolate & Orange (Contains Alcohol) Ice Cream,Ice Cream,REGULAR_TUB_220GMS,True
Chocolate Overload Ice Cream (Mini Tub (160gms)),Eggless Chocolate Overload Ice Cream,Ice Cream,MINI_TUB_160GMS,True
Just Chocolate (160gm),Eggless Just Chocolate,Ice Cream,MINI_TUB_160GMS,True
Dates Rose & Nuts Ice Cream (Mini Tub (160gms)),Dates Rose & Nuts Ice Cream,Ice Cream,MINI_TUB_160GMS,True
Coconut & Pineapple Ice Cream (Mini Tub (160gms)),Eggless Coconut & Pineapple Ice Cream,Ice Cream,MINI_TUB_160GMS,True
Classic Brownie & Vanilla Ice Cream With Fudge Sauce,Classic Brownie & Ice Cream With Fudge Sauce,Ice Cream,1_PIECE,True
Classic Brownie &amp; Vanilla Ice Cream With Fudge Sauce,Classic Brownie & Ice Cream With Fudge Sauce,Ice Cream,1_PIECE,True
Chocolate &amp; Orange (Contains Alcohol) Ice Cream (Mini Tub (160gms)),Chocolate & Orange (Contains Alcohol) Ice Cream,Ice Cream,MINI_TUB_160GMS,True
Coconut & Pineapple Ice Cream (Regular Tub (220gms)),Eggless Coconut & Pineapple Ice Cream,Ice Cream,REGULAR_TUB_220GMS,True
Dates & Chocolate (Junior Scoop (60gm)),Dates & Chocolate Eggless,Ice Cream,JUNIOR_SCOOP_60GMS,True
Chocolate Overload Ice Cream (Family Tub (500gms)),Eggless Chocolate Overload Ice Cream,Ice Cream,FAMILY_TUB_500GMS,True
Cherry & Chocolate Fudge Ice Cream (Family Tub (500gms)),Cherry & Chocolate Fudge Ice Cream,Ice Cream,FAMILY_TUB_500GMS,True
Fig & Orange Ice Cream (Junior Scoop (60gm)),Eggless Fig & Orange Ice Cream,Ice Cream,JUNIOR_SCOOP_60GMS,True
Egg Based Paan & Gulkand Ice Cream (Regular Tub (220gms)),Eggless Paan & Gulkand Ice Cream,Ice Cream,REGULAR_TUB_220GMS,True
Chocolate Overload Ice Cream (Regular Tub (220gms)),Eggless Chocolate Overload Ice Cream,Ice Cream,REGULAR_TUB_220GMS,True
Brownie & Vanilla Ice Cream With Fudge Sauce. It's Classic !,Classic Brownie & Ice Cream With Fudge Sauce,Ice Cream,1_PIECE,True
Fig &amp; Orange Ice Cream 200ml,Eggless Fig & Orange Ice Cream,Ice Cream,MINI_TUB_200ML,True
Ice Cream Factory Visit & Trials (single),Ice Cream Factory Visit & Trials,Service,SINGLE,True
Eggless Cherry &amp; Chocolate 200ml,Eggless Cherry & Chocolate Ice Cream,Ice Cream,MINI_TUB_200ML,True
Old Fashion Vanilla Ice Cream (Family Feast),Old Fashion Vanilla Ice Cream,Ice Cream,FAMILY_TUB_725ML,True
Rose Cardamom Ice Cream (Perfect Plenty),Rose Cardamom Ice Cream,Ice Cream,PERFECT_PLENTY_200GMS,True
Eggless Cherry &amp; Chocolate Ice Cream (Perfect Plenty (300ml)),Eggless Cherry & Chocolate Ice Cream,Ice Cream,PERFECT_PLENTY_300ML,True
Bean-to-Bar 70% Dark Chocolate Ice Cream (Family Feast (725ml)),Bean-to-Bar Dark Chocolate Ice Cream,Ice Cream,FAMILY_TUB_725ML,True
Pistachio Ice Cream (Family Feast),Pistachio Ice Cream,Ice Cream,FAMILY_TUB_725ML,True
Rose Cardamom Ice Cream (Family Feast (725ml)),Rose Cardamom Ice Cream,Ice Cream,FAMILY_TUB_725ML,True
Curious Creations Duo Ice Creams (200ml+200ml),Design Your Indulgence Duo,Combo,DUO_200ML_200ML,True
Classic Night & Day Duo Ice Creams (200ml+200ml),Design Your Indulgence Duo,Combo,DUO_200ML_200ML,True
Masala Chai Ice Cream Small Scoop,Masala Chai Ice Cream,Ice Cream,JUNIOR_SCOOP_60GMS,True
Eggless Old Fashion Vanila Ice Cream (Family Feast),Eggless Old Fashion Vanilla Ice Cream,Ice Cream,FAMILY_TUB_725ML,True
Coconut &amp; Pineapple Ice Cream (Mini Tub (160gms)),Eggless Coconut & Pineapple Ice Cream,Ice Cream,MINI_TUB_160GMS,True
Hot Chocolate,Hot Chocolate,Drinks,1_PIECE,True
3 Flavors In One Tub Combo,3 Flavors In One Tub Combo,Combo,1_PIECE,True
Dates Rose & Nuts Ice Cream (Regular Tub (220gms)),Dates Rose & Nuts Ice Cream,Ice Cream,REGULAR_TUB_220GMS,True
Chocolate & Orange (contains Alcohol) Ice Cream (Regular Scoop (120gm)),Chocolate & Orange (Contains Alcohol) Ice Cream,Ice Cream,REGULAR_SCOOP_120GMS,True
Just Chocolate (andra) Ice Cream (Regular Tub (220gms)),Just Chocolate (andra) Ice Cream,Ice Cream,REGULAR_TUB_220GMS,True
Brownie & Vanilla Ice Cream With Fudge Sauce. It's A Classic !,Brownie & Vanilla Ice Cream With Fudge Sauce. It's A Classic !,Ice Cream,1_PIECE,True
Sunshine Limone Ice Cream (Family Tub (500gms)),Sunshine Limone Ice Cream,Ice Cream,FAMILY_TUB_500GMS,True
Butter Waffle Cones,Butter Waffle Cone,Extra,1_PIECE,True
Cakes & Cookies,Cakes & Cookies Ice Cream,Ice Cream,1_PIECE,True
Banoffee Ice Cream,Eggless Banoffee Ice Cream,Ice Cream,1_PIECE,True
Dates & Chocolate,Dates & Chocolate Eggless,Ice Cream,1_PIECE,True
Cherry & Chocolate,Cherry & Chocolate Fudge Ice Cream,Ice Cream,1_PIECE,True
Coconut & Pineapple,Eggless Coconut & Pineapple Ice Cream,Ice Cream,1_PIECE,True
Coffee Mascarpone,Coffee Mascarpone Ice Cream,Ice Cream,1_PIECE,True
Eggless Cherry & Chocolate,Eggless Cherry & Chocolate Ice Cream,Ice Cream,1_PIECE,True
Eggless Coconut & Pineapple,Eggless Coconut & Pineapple Ice Cream,Ice Cream,1_PIECE,True
Chocolate Overload,Eggless Chocolate Overload Ice Cream,Ice Cream,1_PIECE,True
Eggless Coconut & Pineapple Ice Cream (navratri),Eggless Coconut & Pineapple Ice Cream,Ice Cream,1_PIECE,True
Eggless Coconut & Pineapple Ice Cream (Navratri),Eggless Coconut & Pineapple Ice Cream,Ice Cream,1_PIECE,True
Eggless Chocolate Overload,Eggless Chocolate Overload Ice Cream,Ice Cream,1_PIECE,True
Eggless Coffee Mascarpone Ice Cream (navratri),Eggless Coffee Mascarpone Ice Cream,Ice Cream,1_PIECE,True
Fig & Orange,Eggless Fig & Orange Ice Cream,Ice Cream,1_PIECE,True
Eggless Fig & Orange Ice Cream (navratri),Eggless Fig & Orange Ice Cream,Ice Cream,1_PIECE,True
Eggless Paan & Gulkand Ice Cream (navratri),Eggless Paan & Gulkand Ice Cream,Ice Cream,1_PIECE,True
Just Chocolate,Eggless Just Chocolate,Ice Cream,1_PIECE,True
Eggless Fig & Orange,Eggless Fig & Orange Ice Cream,Ice Cream,1_PIECE,True
Eggless Strawberry Cream Cheese,Eggless Strawberry Cream Cheese Ice Cream,Ice Cream,1_PIECE,True
Eggless Strawberry Cream Cheese Ice Cream (navratri),Eggless Strawberry Cream Cheese Ice Cream,Ice Cream,1_PIECE,True
Eggless Milk Chocolate,Eggless Milk Chocolate Ice Cream,Ice Cream,1_PIECE,True
Old Fashion Vanilla,Old Fashion Vanilla Ice Cream,Ice Cream,1_PIECE,True
Pistachio Ice Cream Ice Cream,Pistachio Ice Cream,Ice Cream,1_PIECE,True
Egg Based Paan & Gulkand Ice Cream,Eggless Paan & Gulkand Ice Cream,Ice Cream,1_PIECE,True
Bean-to-Bar 70% Dark Chocolate Ice Cream,Bean-to-Bar Dark Chocolate Ice Cream,Ice Cream,1_PIECE,True
Classic Night & Day Duo,Design Your Indulgence Duo,Combo,1_PIECE,True
Design Your Indulgence Duo Ice Creams,Design Your Indulgence Duo,Combo,1_PIECE,True
Eggless Design Your Indulgence Duo Ice Creams,Eggless Design Your Indulgence Duo,Combo,1_PIECE,True
Curious Creations Duo Ice Creams,Design Your Indulgence Duo,Combo,1_PIECE,True
Classic Night & Day Duo Ice Creams,Design Your Indulgence Duo,Combo,1_PIECE,True
Coconut & Pineapple Ice Cream,Eggless Coconut & Pineapple Ice Cream,Ice Cream,1_PIECE,True
Chocolate Overload Ice Cream,Eggless Chocolate Overload Ice Cream,Ice Cream,1_PIECE,True
Fig & Orange Ice Cream,Eggless Fig & Orange Ice Cream,Ice Cream,1_PIECE,True
Dates With Fig & Orange,Dates With Fig & Orange Eggless,Ice Cream,1_PIECE,True
Just Chocolate Ice Cream,Eggless Just Chocolate,Ice Cream,1_PIECE,True
Eggless Chocolate Ice Cream,Eggless Just Chocolate,Ice Cream,1_PIECE,True
Egg Strawberry Cream Cheese Ice Cream,Eggless Strawberry Cream Cheese Ice Cream,Ice Cream,1_PIECE,True
Paan & Gulkand Ice Cream,Eggless Paan & Gulkand Ice Cream,Ice Cream,1_PIECE,True
Strawberry Cream Cheese Ice Cream,Eggless Strawberry Cream Cheese Ice Cream,Ice Cream,1_PIECE,True
