parent_cluster_name,parent_cluster_type,child_cluster_name,menu_item_id,variant_id,mapping_count,verified_mapping_count,source_item_count,source_item_ids,source_item_kinds,item_row_count,addon_row_count,raw_name_count,raw_names,historical_merged_source_count,historical_merged_source_names
3 Flavors In One Tub Combo,Combo,1_PIECE,fc297634-f3c1-5338-be48-6f97c5a7eda8,f8b92f1e-8f3b-5a1c-8615-215dd0b3a4cc,1,1,1,1297923934,item,2,0,1,3 Flavors In One Tub Combo,0,
400 Pidge/Porter Delivery Charges,Extra,1_PIECE,44e6d9e4-0f2c-5d7d-836e-f56cd159da98,f8b92f1e-8f3b-5a1c-8615-215dd0b3a4cc,1,1,1,1284364696,item,2,0,1,400 Pidge/porter Delivery Charges,0,
500 Pidge/Porter Delivery Charges,Extra,1_PIECE,3c445385-49aa-5403-b9ca-61098199438d,f8b92f1e-8f3b-5a1c-8615-215dd0b3a4cc,1,1,1,1284364697,item,2,0,1,500 Pidge/porter Delivery Charges,0,
Affogato,Dessert,1_PIECE,6da65f92-f7f1-54ba-ac3d-9055901159e6,f8b92f1e-8f3b-5a1c-8615-215dd0b3a4cc,1,1,1,1288318311,item,49,0,1,Affogato,0,
Alphonso Mango Ice Cream,Ice Cream,PERFECT_PLENTY_200GMS,332c5870-4847-510b-b78f-9e880ddca033,0a41ed3b-37e4-540b-bc5c-407631835802,1,1,1,2033,item,1,0,1,Alphonso Mango Ice Cream (Perfect Plenty (200gms)),1,Alphonso Mango Ice Cream
Alphonso Mango Ice Cream,Ice Cream,REGULAR_SCOOP_120GMS,332c5870-4847-510b-b78f-9e880ddca033,b747b32a-ee01-59b9-b443-75581bb57863,1,1,1,1282581589,item,1,0,1,Alphonso Mango Ice Cream (Regular),1,Alphonso Mango Ice Cream
Americano,Drinks,1_PIECE,f26d1392-a216-540e-8a84-3615e579ed86,f8b92f1e-8f3b-5a1c-8615-215dd0b3a4cc,1,1,1,1296937113,item,23,0,1,Americano,0,
Assorted Cookie Duo ( Dark Chocolate + Choco Chip ),Dessert,1_PIECE,d225afda-6dee-5301-9188-f297124e6dd4,f8b92f1e-8f3b-5a1c-8615-215dd0b3a4cc,1,1,1,1291692108,item,4,0,1,Assorted Cookie Duo ( Dark Chocolate (1pc) + Choco Chip (1pc) ),0,
Banoffee Ice Cream,Ice Cream,1_PIECE,4ea8d0a8-f4a7-5ba2-8d04-dae39188c24a,f8b92f1e-8f3b-5a1c-8615-215dd0b3a4cc,2,2,2,2dada6d8-2592-57a0-8543-564b6bbe294e | 7449dbb6-75ef-5e31-a0ab-a84c75401451,unknown,0,0,0,,4,Banoffee (60gm) | Banoffee Ice Cream | Banoffee Sample | Eggless Banoffee Ice Cream
Banoffee Ice Cream,Ice Cream,JUNIOR_SCOOP_60GMS,4ea8d0a8-f4a7-5ba2-8d04-dae39188c24a,e4d57a7d-d262-5fd8-98cb-62ae69804b8d,3,3,3,1285047341 | 54290380 | f7fb56db-3163-5a15-9911-53d5732f081a,addon | item | unknown,12,35,4,Banoffee (60gm) | Banoffee Ice Cream (Junior Scoop (60gm)) | Eggless Banoffee Ice Cream (Junior Scoop) | Eggless Banoffee Ice Cream Small Scoop,4,Banoffee (60gm) | Banoffee Ice Cream | Banoffee Sample | Eggless Banoffee Ice Cream
Banoffee Ice Cream,Ice Cream,MINI_TUB_160GMS,4ea8d0a8-f4a7-5ba2-8d04-dae39188c24a,a1df2a57-b94a-56db-b890-3cba1e7aa15c,1,1,1,a8ae68f7-1613-5128-b1c9-f7b5316e0301,unknown,0,0,0,,4,Banoffee (60gm) | Banoffee Ice Cream | Banoffee Sample | Eggless Banoffee Ice Cream
Bean-to-Bar Dark Chocolate Ice Cream,Ice Cream,FAMILY_TUB_725ML,1dc994ab-1d71-5a0e-88e3-2156390b68cd,b43993c2-8f3b-541e-af64-c9599eba6e7d,1,1,1,1282581600,item,46,0,9,Bean-to-Bar 70% Dark Chocolate Ice Cream (Family Feast (725ml)) | Bean-to-Bar Dark Chocolate Ice Cream (Family Tub (725ml)) | Bean-to-bar 70% Dark Chocolate Ice Cream (Family Feast (725ml)) | Bean-to-bar Chocolate Dark Ice Cream (Family Tub (500gms)) | Bean-to-bar Chocolate Dark Ice Cream (Family Tub (700ml)) | Bean-to-bar Chocolate Dark Ice Cream (Family Tub (725ml)) | Bean-to-bar Dark Chocolate Ice Cream (Family Tub (500gms)) | Bean-to-bar Dark Chocolate Ice Cream (Family Tub (700ml)) | Bean-to-bar Dark Chocolate Ice Cream (Family Tub (725ml)),2,Bean-to-Bar 70% Dark Chocolate Ice Cream | Bean-to-Bar Dark Chocolate (60gm)
Bean-to-Bar Dark Chocolate Ice Cream,Ice Cream,JUNIOR_SCOOP_60GMS,1dc994ab-1d71-5a0e-88e3-2156390b68cd,e4d57a7d-d262-5fd8-98cb-62ae69804b8d,4,4,4,1285047939 | 54290383 | 9573530c-eca5-5587-9419-99c507ca4e6c | e4cff3cf-a673-5e7b-b738-ceff5b991c12,addon | item | unknown,6,11,2,Bean To Bar Dark Chocolate Ice Cream Small Scoop | Bean-to-bar Chocolate Dark Ice Cream (Junior Scoop (60gm)),2,Bean-to-Bar 70% Dark Chocolate Ice Cream | Bean-to-Bar Dark Chocolate (60gm)
Bean-to-Bar Dark Chocolate Ice Cream,Ice Cream,MINI_TUB_160GMS,1dc994ab-1d71-5a0e-88e3-2156390b68cd,a1df2a57-b94a-56db-b890-3cba1e7aa15c,1,1,1,ec266dc7-6bf0-5eaa-b2ee-ee36f7ce272f,unknown,0,0,0,,2,Bean-to-Bar 70% Dark Chocolate Ice Cream | Bean-to-Bar Dark Chocolate (60gm)
Bean-to-Bar Dark Chocolate Ice Cream,Ice Cream,MINI_TUB_200ML,1dc994ab-1d71-5a0e-88e3-2156390b68cd,74f43046-a2ff-5e69-9b78-1724b6f0a030,9,9,9,1284985218 | 51217617 | 51217635 | 51217674 | 51492582 | 51975424 | 51975446 | 51975447 | 52700809,addon | item,163,121,5,Bean-to-bar 70% Dark Chocolate Ice Cream 200ml | Bean-to-bar Chocolate 70% Dark Ice Cream (Mini tub (200ml)) | Bean-to-bar Chocolate Dark Ice Cream (Mini tub (160gms)) | Bean-to-bar Chocolate Dark Ice Cream (Mini tub (200ml)) | Bean-to-bar Dark Chocolate Ice Cream (Mini Tub (160gms)),2,Bean-to-Bar 70% Dark Chocolate Ice Cream | Bean-to-Bar Dark Chocolate (60gm)
Bean-to-Bar Dark Chocolate Ice Cream,Ice Cream,PERFECT_PLENTY_300ML,1dc994ab-1d71-5a0e-88e3-2156390b68cd,c6438ece-1c0e-5db1-860f-27f45090a616,1,1,1,1282581599,item,281,0,12,Bean-to-Bar 70% Dark Chocolate Ice Cream (Perfect Plenty (200gms)) | Bean-to-Bar 70% Dark Chocolate Ice Cream (Perfect Plenty (300ml)) | Bean-to-Bar 70% Dark Chocolate Ice Cream (Perfect Plenty (325ml)) | Bean-to-Bar Dark Chocolate Ice Cream (Regular Tub (220gms)) | Bean-to-Bar Dark Chocolate Ice Cream (Regular Tub (300ml)) | Bean-to-bar 70% Dark Chocolate Ice Cream (Perfect Plenty (300ml)) | Bean-to-bar Chocolate 70% Dark Ice Cream (Perfect Plenty (300ml)) | Bean-to-bar Chocolate 70% Dark Ice Cream (Perfect Plenty) | Bean-to-bar Chocolate Dark Ice Cream (Regular Tub (220gms)) | Bean-to-bar Chocolate Dark Ice Cream (Regular Tub (300ml)) | Bean-to-bar Dark Chocolate Ice Cream (Regular Tub (220gms)) | Bean-to-bar Dark Chocolate Ice Cream (Regular Tub (300ml)),2,Bean-to-Bar 70% Dark Chocolate Ice Cream | Bean-to-Bar Dark Chocolate (60gm)
Bean-to-Bar Dark Chocolate Ice Cream,Ice Cream,REGULAR_SCOOP_120GMS,1dc994ab-1d71-5a0e-88e3-2156390b68cd,b747b32a-ee01-59b9-b443-75581bb57863,1,1,1,1284985219,item,97,0,3,Bean-to-bar Chocolate 70% Dark Ice Cream (Regular Scoop) | Bean-to-bar Chocolate Dark Ice Cream (Regular Scoop (120gm)) | Bean-to-bar Chocolate Dark Ice Cream (Regular Scoop),2,Bean-to-Bar 70% Dark Chocolate Ice Cream | Bean-to-Bar Dark Chocolate (60gm)
Boston Cream Pie,Dessert,1_PIECE,25fff5d0-1eed-5d67-beed-b1574ab25922,f8b92f1e-8f3b-5a1c-8615-215dd0b3a4cc,1,1,1,1285806508,item,33,0,1,Boston Cream Pie(1pcs),0,
Boston Cream Pie,Dessert,2_PIECES,25fff5d0-1eed-5d67-beed-b1574ab25922,5f354550-0f38-58c3-ad16-97672a66817d,1,1,1,1285527847,item,999,0,2,Boston Cream Pie Dessert(2pcs) | Boston Cream Piec(2pcs),0,
Brownie Cheesecake,Dessert,1_PIECE,01998c43-6128-522f-bc5d-0c76a744a546,f8b92f1e-8f3b-5a1c-8615-215dd0b3a4cc,1,1,1,1293402169,item,259,0,1,Brownie Cheesecake,0,
Butter Waffle Cones,Extra,1_PIECE,ea85deb5-d9a0-5db9-8ff0-5452fc2e9c2b,f8b92f1e-8f3b-5a1c-8615-215dd0b3a4cc,1,1,1,1293080163,item,82,0,1,Butter Waffle Cones (1pcs),2,Butter Waffle Cone | Butter Waffle Cone [2 Pieces]
Butter Waffle Cones,Extra,2_PIECES,ea85deb5-d9a0-5db9-8ff0-5452fc2e9c2b,5f354550-0f38-58c3-ad16-97672a66817d,5,5,5,1293079875 | 59023334 | 59023335 | d212bd81-115b-5b7a-8c95-cdcce01175ab | f6a4c580-c0e1-58d7-9f51-413650c33215,addon | item | unknown,33,16,2,Butter Waffle Cone (2pcs) | Butter Waffle Cones (2pcs),2,Butter Waffle Cone | Butter Waffle Cone [2 Pieces]
Cakes & Cookies,Dessert,MINI_TUB_160GMS,133c4ce6-68b7-564a-b8b4-4b1c34aec328,a1df2a57-b94a-56db-b890-3cba1e7aa15c,1,1,1,621b7988-0a4a-581f-8ab6-50ded78a25ea,unknown,0,0,0,,0,
Cakes & Cookies,Dessert,MINI_TUB_200ML,133c4ce6-68b7-564a-b8b4-4b1c34aec328,74f43046-a2ff-5e69-9b78-1724b6f0a030,4,4,4,54126524 | 54126526 | 54126527 | 54126528,addon,0,12,2,Cakes & Cookies 200ml | Cakes &amp; Cookies 200ml,0,
Cakes & Cookies Ice Cream,Ice Cream,FAMILY_TUB_725ML,2cc74902-f399-55c4-a9e9-af2bb86163d9,b43993c2-8f3b-541e-af64-c9599eba6e7d,1,1,1,1284468074,item,11,0,4,Cakes & Cookies Ice Cream (Family Feast (725ml)) | Cakes & Cookies Ice Cream (Family Tub (500gms)) | Cakes & Cookies Ice Cream (Family Tub (700ml)) | Cakes & Cookies Ice Cream (Family Tub (725ml)),1,Cakes & Cookies (60gm)
Cakes & Cookies Ice Cream,Ice Cream,JUNIOR_SCOOP_60GMS,2cc74902-f399-55c4-a9e9-af2bb86163d9,e4d57a7d-d262-5fd8-98cb-62ae69804b8d,5,5,5,1285047260 | 54290390 | 54cd3566-30c3-59e4-a2b1-42f203939b3e | dd5c22ae-5d52-54d8-b217-151793655371 | f815fb8f-86fc-50eb-a3ef-2103aea2cc37,addon | item | unknown,1,7,2,Cakes & Cookies Ice Cream (Junior Scoop) | Cakes &amp; Cookies Ice Cream Small Scoop,1,Cakes & Cookies (60gm)
Cakes & Cookies Ice Cream,Ice Cream,MINI_TUB_160GMS,2cc74902-f399-55c4-a9e9-af2bb86163d9,a1df2a57-b94a-56db-b890-3cba1e7aa15c,1,1,1,51affd2f-8c4c-54d8-ba3d-2ab6c9d0caa6,unknown,0,0,0,,1,Cakes & Cookies (60gm)
Cakes & Cookies Ice Cream,Ice Cream,MINI_TUB_200ML,2cc74902-f399-55c4-a9e9-af2bb86163d9,74f43046-a2ff-5e69-9b78-1724b6f0a030,4,4,4,1284985095 | 52320263 | 52320277 | 52320278,addon | item,86,25,6,Cakes & Cookies Ice Cream (Mini Tub (160gms)) | Cakes & Cookies Ice Cream (Mini tub (160gms)) | Cakes & Cookies Ice Cream (Mini tub (200ml)) | Cakes & Cookies Ice Cream 200ml | Cakes &amp; Cookies Ice Cream (Mini Tub (160gms)) | Cakes &amp; Cookies Ice Cream 200ml,1,Cakes & Cookies (60gm)
Cakes & Cookies Ice Cream,Ice Cream,REGULAR_SCOOP_120GMS,2cc74902-f399-55c4-a9e9-af2bb86163d9,b747b32a-ee01-59b9-b443-75581bb57863,1,1,1,1284985096,item,86,0,2,Cakes & Cookies Ice Cream (Regular Scoop (120gm)) | Cakes & Cookies Ice Cream (Regular Scoop),1,Cakes & Cookies (60gm)
Cakes & Cookies Ice Cream,Ice Cream,REGULAR_TUB_300ML,2cc74902-f399-55c4-a9e9-af2bb86163d9,95cd7af2-383e-5449-893f-83f53bb658bf,1,1,1,1284468073,item,80,0,4,Cakes & Cookies Ice Cream (Perfect Plenty (300ml)) | Cakes & Cookies Ice Cream (Regular Tub (220gms)) | Cakes & Cookies Ice Cream (Regular Tub (300ml)) | Cakes &amp; Cookies Ice Cream (Regular Tub (300ml)),1,Cakes & Cookies (60gm)
Cappuccino,Drinks,1_PIECE,2fecdeca-c347-5e68-821a-891a1f4337fa,f8b92f1e-8f3b-5a1c-8615-215dd0b3a4cc,1,1,1,1296937112,item,37,0,1,Cappuccino,0,
Cherry & Chocolate,Ice Cream,1_PIECE,72b87507-42d3-5388-ab9c-75ec31d90f99,f8b92f1e-8f3b-5a1c-8615-215dd0b3a4cc,1,1,1,04bc13b8-3888-57e7-8d27-bc99328622b9,unknown,0,0,0,,1,Cherry & Chocolate (60gm)
Cherry & Chocolate,Ice Cream,MINI_TUB_160GMS,72b87507-42d3-5388-ab9c-75ec31d90f99,a1df2a57-b94a-56db-b890-3cba1e7aa15c,1,1,1,a564a965-7b21-59a1-9d3c-551b48d60bf1,unknown,0,0,0,,1,Cherry & Chocolate (60gm)
Cherry & Chocolate Fudge Ice Cream,Ice Cream,JUNIOR_SCOOP_60GMS,f15727e6-9fc7-573c-b6db-0850afbcfbc3,e4d57a7d-d262-5fd8-98cb-62ae69804b8d,1,1,1,1285670450,item,11,0,1,Cherry & Chocolate Fudge Ice Cream (Junior Scoop (60gm)),0,
Choco Chunk Cookie,Dessert,1_PIECE,bfd11597-b2e2-5e1b-87c4-2877b282e28e,f8b92f1e-8f3b-5a1c-8615-215dd0b3a4cc,1,1,1,1291691126,item,3,0,1,Choco Chunk Cookie(1pcs),0,
Choco Chunk Cookie,Dessert,2_PIECES,bfd11597-b2e2-5e1b-87c4-2877b282e28e,5f354550-0f38-58c3-ad16-97672a66817d,1,1,1,1291691125,item,5,0,1,Choco Chunk Cookie (2pcs),0,
Chocolate & Orange (Contains Alcohol) Ice Cream,Ice Cream,JUNIOR_SCOOP_60GMS,45eed9b7-0fd2-5f16-988a-1b859047225f,e4d57a7d-d262-5fd8-98cb-62ae69804b8d,1,1,1,1295143333,item,1,0,1,Chocolate & Orange (contains Alcohol) (Junior Scoop (60gm)),0,
Chocolate & Orange (Contains Alcohol) Ice Cream,Ice Cream,MINI_TUB_160GMS,45eed9b7-0fd2-5f16-988a-1b859047225f,a1df2a57-b94a-56db-b890-3cba1e7aa15c,2,2,2,1295143335 | 3476642d-6518-56be-a5f3-d7d69c073331,item | unknown,30,0,4,Chocolate & Orange (contains Alcohol) (Mini Tub (160gms)) | Chocolate & Orange (contains Alcohol) (Mini tub (160gms)) | Chocolate & Orange (contains Alcohol) Ice Cream (Mini Tub (160gms)) | Chocolate &amp; Orange (Contains Alcohol) Ice Cream (Mini Tub (160gms)),0,
Chocolate & Orange (Contains Alcohol) Ice Cream,Ice Cream,REGULAR_SCOOP_120GMS,45eed9b7-0fd2-5f16-988a-1b859047225f,b747b32a-ee01-59b9-b443-75581bb57863,1,1,1,1295143334,item,6,0,2,Chocolate & Orange (contains Alcohol) (Regular Scoop (120gm)) | Chocolate & Orange (contains Alcohol) Ice Cream (Regular Scoop (120gm)),0,
Chocolate & Orange (Contains Alcohol) Ice Cream,Ice Cream,REGULAR_TUB_220GMS,45eed9b7-0fd2-5f16-988a-1b859047225f,e1b8037f-345a-52d6-ae94-cc115490705a,1,1,1,1295143336,item,15,0,2,Chocolate & Orange (contains Alcohol) (Regular Tub (220gms)) | Chocolate & Orange (contains Alcohol) Ice Cream (Regular Tub (220gms)),0,
Chocolate Fudge Sauce (40gms),Ice Cream,1_PIECE,0b1c0cf1-8505-5b6a-8ef8-3f1e90354fe9,f8b92f1e-8f3b-5a1c-8615-215dd0b3a4cc,2,2,2,146d0598-78cc-5498-bcd8-4e5445589773 | 61230383,addon | unknown,0,1,1,Chocolate Fudge Sauce (40gms),0,
Chocolate Overload,Ice Cream,MINI_TUB_160GMS,24e0b4d4-6535-58e6-b9a7-b7ffbb565770,a1df2a57-b94a-56db-b890-3cba1e7aa15c,1,1,1,795f79f4-0add-5fc4-82c2-671ea1e05580,unknown,0,0,0,,0,
Classic Brownie & Ice Cream With Fudge Sauce,Ice Cream,1_PIECE,5a377961-e86b-5b56-b56d-4879b9b584af,f8b92f1e-8f3b-5a1c-8615-215dd0b3a4cc,1,1,1,1296733826,item,490,0,6,Brownie & Vanilla Ice Cream With Fudge Sauce. It's A Classic ! | Brownie & Vanilla Ice Cream With Fudge Sauce. It's Classic ! | Brownie &amp; Vanilla Ice Cream With Fudge Sauce. It's A Classic ! | Classic Brownie & Ice Cream With Fudge Sauce | Classic Brownie & Vanilla Ice Cream With Fudge Sauce | Classic Brownie &amp; Vanilla Ice Cream With Fudge Sauce,0,
Classic Chocolate Lamington,Dessert,1_PIECE,5cab9534-dbff-5d1c-8651-f3aec8a41284,f8b92f1e-8f3b-5a1c-8615-215dd0b3a4cc,1,1,1,1285806723,item,31,0,1,Classic Chocolate Lamington (1pcs),0,
Classic Chocolate Lamington,Dessert,2_PIECES,5cab9534-dbff-5d1c-8651-f3aec8a41284,5f354550-0f38-58c3-ad16-97672a66817d,1,1,1,1285254017,item,803,0,1,Classic Chocolate Lamington (2pcs),0,
Classic Night & Day Duo,Combo,DUO_200ML_200ML,d609df8c-8704-5b71-aa69-ea0e25af9b94,d755256f-e108-56e3-b125-be7736f091af,1,1,1,1284128671,item,2,0,2,Classic Night & Day Duo Ice Creams (200ml+200ml) | Classic Night &amp; Day Duo,0,
Classic Tiramisu,Dessert,1_PIECE,64ac2ffe-d208-510b-88a9-1df149047218,f8b92f1e-8f3b-5a1c-8615-215dd0b3a4cc,1,1,1,1283777806,item,2050,0,1,Classic Tiramisu,0,
Coconut & Pineapple,Ice Cream,MINI_TUB_160GMS,9d84af2f-7d38-53d7-9c66-cd95853bdf44,a1df2a57-b94a-56db-b890-3cba1e7aa15c,2,2,2,253b71d0-39a6-53f6-939e-5341ab2744c0 | 54742e2c-57d4-56ed-8608-f2e7d50cd41a,unknown,0,0,0,,0,
Coffee Banana Cheesecake,Dessert,1_PIECE,de044fa7-f3c5-5e80-9ff5-accf9727b3de,f8b92f1e-8f3b-5a1c-8615-215dd0b3a4cc,1,1,1,1297192453,item,42,0,1,Coffee Banana Cheesecake,0,
Coffee Mascarpone Ice Cream,Ice Cream,1_PIECE,1b1a56f0-7e0a-5f7c-93b7-9543004db816,f8b92f1e-8f3b-5a1c-8615-215dd0b3a4cc,3,3,3,61458678 | 61458686 | 757b19ec-686b-5d75-aee5-8e69c50a41e7,addon | unknown,0,3,1,Coffee Mascarpone | For The Coffee & Chocolate Purist,4,Coffee Mascarpone | Coffee Mascarpone (60gm) | Coffee Mascarpone | For The Coffee & Chocolate Purist | Eggless Coffee Mascarpone Ice Cream
Coffee Mascarpone Ice Cream,Ice Cream,FAMILY_TUB_725ML,1b1a56f0-7e0a-5f7c-93b7-9543004db816,b43993c2-8f3b-541e-af64-c9599eba6e7d,1,1,1,1282581615,item,39,0,4,Coffee Mascarpone Ice Cream (Family Feast (725ml)) | Coffee Mascarpone Ice Cream (Family Tub (500gms)) | Coffee Mascarpone Ice Cream (Family Tub (700ml)) | Coffee Mascarpone Ice Cream (Family Tub (725ml)),4,Coffee Mascarpone | Coffee Mascarpone (60gm) | Coffee Mascarpone | For The Coffee & Chocolate Purist | Eggless Coffee Mascarpone Ice Cream
Coffee Mascarpone Ice Cream,Ice Cream,JUNIOR_SCOOP_60GMS,1b1a56f0-7e0a-5f7c-93b7-9543004db816,e4d57a7d-d262-5fd8-98cb-62ae69804b8d,4,4,4,03993ebd-77e2-5d35-80f4-26bf37737865 | 1285048012 | 2a373e6d-15af-593c-b34b-0a999a41b01d | 54290615,addon | item | unknown,11,13,4,Coffee Mascarpone (60gm) | Coffee Mascarpone Ice Cream (Junior Scoop (60gm)) | Coffee Mascarpone Ice Cream (Junior Scoop) | Coffee Mascarpone Small Scoop,4,Coffee Mascarpone | Coffee Mascarpone (60gm) | Coffee Mascarpone | For The Coffee & Chocolate Purist | Eggless Coffee Mascarpone Ice Cream
Coffee Mascarpone Ice Cream,Ice Cream,MINI_TUB_160GMS,1b1a56f0-7e0a-5f7c-93b7-9543004db816,a1df2a57-b94a-56db-b890-3cba1e7aa15c,1,1,1,75ccbcec-883e-5c81-b1ff-53f6854a9efc,unknown,0,0,0,,4,Coffee Mascarpone | Coffee Mascarpone (60gm) | Coffee Mascarpone | For The Coffee & Chocolate Purist | Eggless Coffee Mascarpone Ice Cream
Coffee Mascarpone Ice Cream,Ice Cream,MINI_TUB_200ML,1b1a56f0-7e0a-5f7c-93b7-9543004db816,74f43046-a2ff-5e69-9b78-1724b6f0a030,11,11,11,1284985281 | 51215000 | 51217611 | 51217623 | 51492576 | 51975429 | 51975460 | 51975461 | 51975462 | 52320274 | 52700803,addon | item,186,124,4,Coffee Mascarpone Ice Cream (Mini Tub (160gms)) | Coffee Mascarpone Ice Cream (Mini tub (160gms)) | Coffee Mascarpone Ice Cream (Mini tub (200ml)) | Coffee Mascarpone Ice Cream 200ml,4,Coffee Mascarpone | Coffee Mascarpone (60gm) | Coffee Mascarpone | For The Coffee & Chocolate Purist | Eggless Coffee Mascarpone Ice Cream
Coffee Mascarpone Ice Cream,Ice Cream,REGULAR_SCOOP_120GMS,1b1a56f0-7e0a-5f7c-93b7-9543004db816,b747b32a-ee01-59b9-b443-75581bb57863,1,1,1,1284985282,item,210,0,2,Coffee Mascarpone Ice Cream (Regular Scoop (120gm)) | Coffee Mascarpone Ice Cream (Regular Scoop),4,Coffee Mascarpone | Coffee Mascarpone (60gm) | Coffee Mascarpone | For The Coffee & Chocolate Purist | Eggless Coffee Mascarpone Ice Cream
Coffee Mascarpone Ice Cream,Ice Cream,REGULAR_TUB_300ML,1b1a56f0-7e0a-5f7c-93b7-9543004db816,95cd7af2-383e-5449-893f-83f53bb658bf,1,1,1,1282581614,item,196,0,4,Coffee Mascarpone Ice Cream (Perfect Plenty (300ml)) | Coffee Mascarpone Ice Cream (Perfect Plenty) | Coffee Mascarpone Ice Cream (Regular Tub (220gms)) | Coffee Mascarpone Ice Cream (Regular Tub (300ml)),4,Coffee Mascarpone | Coffee Mascarpone (60gm) | Coffee Mascarpone | For The Coffee & Chocolate Purist | Eggless Coffee Mascarpone Ice Cream
Cream Cheese Fruit Medley Cake,Dessert,1_PIECE,c674e969-50c1-534c-ad57-84a5b83cc6bf,f8b92f1e-8f3b-5a1c-8615-215dd0b3a4cc,1,1,1,1283487201,item,1,0,1,Cream Cheese Fruit Medley Cake,0,
Cup,Extra,1_PIECE,be5401e4-e641-5142-b743-26d27541553c,f8b92f1e-8f3b-5a1c-8615-215dd0b3a4cc,3,3,3,53392899 | 53392904 | de96c525-38d4-5c89-8b33-5ce6e90ba934,addon | unknown,0,923,1,Cup,0,
Curious Creations Duo,Combo,DUO_200ML_200ML,bd0be7e2-46da-5ed3-a2f4-39be12038220,d755256f-e108-56e3-b125-be7736f091af,1,1,1,1284128670,item,2,0,2,Curious Creations Duo | Curious Creations Duo Ice Creams (200ml+200ml),0,
Custom Cake 800gm,Ice Cream,1_PIECE,17fcf174-95f4-5390-b1fe-969195a9eb65,f8b92f1e-8f3b-5a1c-8615-215dd0b3a4cc,1,1,1,1302070806,item,1,0,1,Custom Cake 800gm,0,
Custom Diwali Cookie Set,Dessert,1_PIECE,a7b02a14-f022-5526-aedd-68d50742be75,f8b92f1e-8f3b-5a1c-8615-215dd0b3a4cc,1,1,1,1292347283,item,4,0,1,Custom Diwali Cookie Set,0,
Customised Ice Cream Cake,Ice Cream,1_PIECE,1612bf8f-e38f-5692-8b97-2e52e567369e,f8b92f1e-8f3b-5a1c-8615-215dd0b3a4cc,1,1,1,1288592565,item,1,0,1,Customised Ice Cream Cake,0,
Dark Double Chocolate Cookie,Dessert,2_PIECES,b957edcc-f00f-517f-94d4-b20d96109456,5f354550-0f38-58c3-ad16-97672a66817d,1,1,1,1291691127,item,5,0,1,Dark Double Chocolate Cookie(2pcs),0,
Dates & Chocolate,Ice Cream,MINI_TUB_160GMS,4eb61886-91d1-5648-96e8-a6f662ff1683,a1df2a57-b94a-56db-b890-3cba1e7aa15c,1,1,1,4eb4dd73-a69d-5a12-a46a-71fb57734158,unknown,0,0,0,,0,
Dates & Chocolate,Ice Cream,MINI_TUB_200ML,4eb61886-91d1-5648-96e8-a6f662ff1683,74f43046-a2ff-5e69-9b78-1724b6f0a030,3,3,3,56834935 | 56834945 | 56834946,addon,0,6,1,Dates & Chocolate 200ml,0,
Dates & Chocolate Eggless,Ice Cream,FAMILY_TUB_725ML,8e0cabbe-2605-5acd-a13f-bc142df0d168,b43993c2-8f3b-541e-af64-c9599eba6e7d,1,1,1,1289809870,item,12,0,3,Dates & Chocolate (Family Tub (500gms)) | Dates & Chocolate Eggless (Family Tub (700ml)) | Dates & Chocolate Eggless (Family Tub (725ml)),2,Dates & Chocolate | Dates & Chocolate (60gm)
Dates & Chocolate Eggless,Ice Cream,JUNIOR_SCOOP_60GMS,8e0cabbe-2605-5acd-a13f-bc142df0d168,e4d57a7d-d262-5fd8-98cb-62ae69804b8d,5,5,5,1289809866 | 56834951 | 6005f98a-c60d-5970-b7b8-777a0d65dc68 | c9d049da-8236-56d0-8d35-077162841386 | df782908-9b29-5d93-acfb-af15eb5227c1,addon | item | unknown,2,3,4,Dates & Chocolate (60gm) | Dates & Chocolate (Junior Scoop (60gm)) | Dates & Chocolate Eggless (Junior Scoop) | Dates &amp; Chocolate Small Scoop,2,Dates & Chocolate | Dates & Chocolate (60gm)
Dates & Chocolate Eggless,Ice Cream,MINI_TUB_200ML,8e0cabbe-2605-5acd-a13f-bc142df0d168,74f43046-a2ff-5e69-9b78-1724b6f0a030,2,2,2,1289809868 | 56834923,addon | item,137,1,5,Dates & Chocolate (Mini Tub (160gms)) | Dates & Chocolate (Mini tub (160gms)) | Dates & Chocolate 200ml (eggless) | Dates & Chocolate Eggless (Mini tub (200ml)) | Dates &amp; Chocolate (Mini Tub (160gms)),2,Dates & Chocolate | Dates & Chocolate (60gm)
Dates & Chocolate Eggless,Ice Cream,REGULAR_SCOOP_120GMS,8e0cabbe-2605-5acd-a13f-bc142df0d168,b747b32a-ee01-59b9-b443-75581bb57863,1,1,1,1289809867,item,66,0,2,Dates & Chocolate (Regular Scoop (120gm)) | Dates & Chocolate Eggless (Regular Scoop),2,Dates & Chocolate | Dates & Chocolate (60gm)
Dates & Chocolate Eggless,Ice Cream,REGULAR_TUB_300ML,8e0cabbe-2605-5acd-a13f-bc142df0d168,95cd7af2-383e-5449-893f-83f53bb658bf,1,1,1,1289809869,item,108,0,3,Dates & Chocolate (Regular Tub (220gms)) | Dates & Chocolate Eggless (Regular Tub (300ml)) | Dates &amp; Chocolate Eggless (Regular Tub (300ml)),2,Dates & Chocolate | Dates & Chocolate (60gm)
Dates Rose & Nuts Ice Cream,Ice Cream,JUNIOR_SCOOP_60GMS,59f649bb-a890-5d32-9f7a-3a686599b0ec,e4d57a7d-d262-5fd8-98cb-62ae69804b8d,2,2,2,1296472639 | 713276f9-900f-5bba-ab1d-e9dc69510d9e,item | unknown,3,0,1,Dates Rose & Nuts Ice Cream (Junior Scoop (60gm)),1,Dates Rose & Nuts (60gm)
Dates Rose & Nuts Ice Cream,Ice Cream,MINI_TUB_160GMS,59f649bb-a890-5d32-9f7a-3a686599b0ec,a1df2a57-b94a-56db-b890-3cba1e7aa15c,1,1,1,1296472641,item,35,0,3,Dates Rose & Nuts Ice Cream (Mini Tub (160gms)) | Dates Rose & Nuts Ice Cream (Mini tub (160gms)) | Dates Rose &amp; Nuts Ice Cream (Mini Tub (160gms)),1,Dates Rose & Nuts (60gm)
Dates Rose & Nuts Ice Cream,Ice Cream,REGULAR_SCOOP_120GMS,59f649bb-a890-5d32-9f7a-3a686599b0ec,b747b32a-ee01-59b9-b443-75581bb57863,1,1,1,1296472640,item,24,0,1,Dates Rose & Nuts Ice Cream (Regular Scoop (120gm)),1,Dates Rose & Nuts (60gm)
Dates Rose & Nuts Ice Cream,Ice Cream,REGULAR_TUB_220GMS,59f649bb-a890-5d32-9f7a-3a686599b0ec,e1b8037f-345a-52d6-ae94-cc115490705a,1,1,1,1296472642,item,13,0,1,Dates Rose & Nuts Ice Cream (Regular Tub (220gms)),1,Dates Rose & Nuts (60gm)
Dates With Fig & Orange,Ice Cream,MINI_TUB_160GMS,eb6da8ab-301c-5723-8cc9-696d41ab7917,a1df2a57-b94a-56db-b890-3cba1e7aa15c,1,1,1,f8ec21ce-41a9-59c9-91a3-f38458b3cd75,unknown,0,0,0,,0,
Dates With Fig & Orange,Ice Cream,MINI_TUB_200ML,eb6da8ab-301c-5723-8cc9-696d41ab7917,74f43046-a2ff-5e69-9b78-1724b6f0a030,4,4,4,56834939 | 56834940 | 56834949 | 56834950,addon,0,12,1,Dates With Fig & Orange 200ml,0,
Dates With Fig & Orange Eggless,Ice Cream,FAMILY_TUB_725ML,9f65a688-f7d4-54d8-97c1-af3fbb88b929,b43993c2-8f3b-541e-af64-c9599eba6e7d,1,1,1,1290743841,item,6,0,3,Dates With Fig & Orange (Family Tub (500gms)) | Dates With Fig & Orange Eggless (Family Tub (700ml)) | Dates With Fig & Orange Eggless (Family Tub (725ml)),2,Dates With Fig & Orange | Dates With Fig & Orange (60gm)
Dates With Fig & Orange Eggless,Ice Cream,JUNIOR_SCOOP_60GMS,9f65a688-f7d4-54d8-97c1-af3fbb88b929,e4d57a7d-d262-5fd8-98cb-62ae69804b8d,3,3,3,1f23fb59-921c-545d-8b8f-2bba5c62d8ee | 56834952 | fcb7118d-b412-53d1-b37e-f2af0910a130,addon | unknown,0,3,2,Dates With Fig & Orange Small Scoop | Dates With Fig &amp; Orange Small Scoop,2,Dates With Fig & Orange | Dates With Fig & Orange (60gm)
Dates With Fig & Orange Eggless,Ice Cream,MINI_TUB_200ML,9f65a688-f7d4-54d8-97c1-af3fbb88b929,74f43046-a2ff-5e69-9b78-1724b6f0a030,2,2,2,1290743839 | 56834927,addon | item,80,4,5,Dates With Fig & Orange (Mini Tub (160gms)) | Dates With Fig & Orange (Mini tub (160gms)) | Dates With Fig & Orange 200ml (eggless) | Dates With Fig & Orange Eggless (Mini tub (200ml)) | Dates With Fig &amp; Orange (Mini Tub (160gms)),2,Dates With Fig & Orange | Dates With Fig & Orange (60gm)
Dates With Fig & Orange Eggless,Ice Cream,REGULAR_SCOOP_120GMS,9f65a688-f7d4-54d8-97c1-af3fbb88b929,b747b32a-ee01-59b9-b443-75581bb57863,1,1,1,1290743838,item,39,0,2,Dates With Fig & Orange (Regular Scoop (120gm)) | Dates With Fig & Orange Eggless (Regular Scoop),2,Dates With Fig & Orange | Dates With Fig & Orange (60gm)
Dates With Fig & Orange Eggless,Ice Cream,REGULAR_TUB_300ML,9f65a688-f7d4-54d8-97c1-af3fbb88b929,95cd7af2-383e-5449-893f-83f53bb658bf,1,1,1,1290743840,item,60,0,4,Dates With Fig & Orange (Regular Tub (220gms)) | Dates With Fig & Orange Eggless (Regular Tub (300ml)) | Dates With Fig &amp; Orange (Regular Tub (220gms)) | Dates With Fig &amp; Orange Eggless (Regular Tub (300ml)),2,Dates With Fig & Orange | Dates With Fig & Orange (60gm)
Deconstructed Coffee Tres Leches,Dessert,1_PIECE,26515b03-bc83-5bb5-89d0-47d9e1563f2e,f8b92f1e-8f3b-5a1c-8615-215dd0b3a4cc,1,1,1,1301792797,item,136,0,1,Deconstructed Coffee Tres Leches,0,
Design Family Pack Of 3 Ice Creams,Combo,FAMILY_PACK_3X200ML,b580104a-802c-53e7-a986-30d0d5a3110b,c5bd4518-50da-59ee-b63d-50c4904a9912,1,1,1,1284912158,item,235,0,3,Design Family Pack Of 3 Ice Creams | Design Family Pack Of 3 Ice Creams (200+200+200 Ml) | Design Family Pack Of 3 Ice Creams (3 Mini Tubs),0,
Design Your Indulgence Duo Ice Creams,Combo,DUO_200ML_200ML,8e51d6be-6df3-533b-9e2f-5970116beb9f,d755256f-e108-56e3-b125-be7736f091af,1,1,1,1284128668,item,330,0,3,Design Your Indulgence Duo | Design Your Indulgence Duo Ice Creams (2 Mini Tubs) | Design Your Indulgence Duo Ice Creams (200ml+200ml),0,
Eggless Alphonso Mango Ice Cream,Ice Cream,PERFECT_PLENTY_200GMS,8f9ae6fa-5ff0-5532-b3fe-4b382c5170f2,0a41ed3b-37e4-540b-bc5c-407631835802,1,1,1,1283123357,item,1,0,1,Eggless Alphanso Mango Ice Cream (Perfect Plenty (200gms)),0,
Eggless Banoffee Ice Cream,Ice Cream,FAMILY_TUB_725ML,3358e3dc-46e1-5629-9f0b-e685060cf875,b43993c2-8f3b-541e-af64-c9599eba6e7d,1,1,1,1282571502,item,77,0,5,Banoffee Ice Cream (Family Tub (500gms)) | Eggless Banoffee Ice Cream (Family Feast (725ml)) | Eggless Banoffee Ice Cream (Family Tub (700ml)) | Eggless Banoffee Ice Cream (Family Tub (725ml)) | Go Bananas Ice Cream (Family Feast (550gms)),0,
Eggless Banoffee Ice Cream,Ice Cream,MINI_TUB_200ML,3358e3dc-46e1-5629-9f0b-e685060cf875,74f43046-a2ff-5e69-9b78-1724b6f0a030,15,15,15,1284985205 | 51949297 | 51949303 | 51949304 | 51949325 | 51949327 | 51949328 | 51949339 | 51975422 | 51975439 | 51975440 | 51975441 | 52320267 | 52700805 | 53120319,addon | item,314,165,4,Banoffee Ice Cream (Mini Tub (160gms)) | Banoffee Ice Cream (Mini tub (160gms)) | Eggless Banoffee Ice Cream (Mini tub (200ml)) | Eggless Banoffee Ice Cream 200ml,0,
Eggless Banoffee Ice Cream,Ice Cream,PERFECT_PLENTY_300ML,3358e3dc-46e1-5629-9f0b-e685060cf875,c6438ece-1c0e-5db1-860f-27f45090a616,2,2,2,1282571501 | 8d0eefd7-6cf9-51d9-9341-3c424546c18d,item | unknown,474,0,5,Banoffee Ice Cream (Regular Tub (220gms)) | Eggless Banoffee Ice Cream (Perfect Plenty (300ml)) | Eggless Banoffee Ice Cream (Regular Tub (220gms)) | Eggless Banoffee Ice Cream (Regular Tub (300ml)) | Go Bananas Ice Cream (Perfect Plenty),0,
Eggless Banoffee Ice Cream,Ice Cream,REGULAR_SCOOP_120GMS,3358e3dc-46e1-5629-9f0b-e685060cf875,b747b32a-ee01-59b9-b443-75581bb57863,1,1,1,1284985206,item,340,0,2,Banoffee Ice Cream (Regular Scoop (120gm)) | Eggless Banoffee Ice Cream (Regular Scoop),0,
Eggless Cherry & Chocolate Ice Cream,Ice Cream,1_PIECE,9314d919-4b6f-50d1-a1d1-11aa83647a76,f8b92f1e-8f3b-5a1c-8615-215dd0b3a4cc,1,1,1,186396a0-b60e-5158-93a3-d7ad47870a11,unknown,0,0,0,,3,Cherry & Chocolate (60gm) | Cherry Chocolate Sample | Eggless Cherry & Chocolate
Eggless Cherry & Chocolate Ice Cream,Ice Cream,FAMILY_TUB_725ML,9314d919-4b6f-50d1-a1d1-11aa83647a76,b43993c2-8f3b-541e-af64-c9599eba6e7d,1,1,1,1285670454,item,29,0,3,Cherry & Chocolate Fudge Ice Cream (Family Tub (500gms)) | Eggless Cherry & Chocolate Ice Cream (Family Feast (725ml)) | Eggless Cherry & Chocolate Ice Cream (Family Tub (725ml)),3,Cherry & Chocolate (60gm) | Cherry Chocolate Sample | Eggless Cherry & Chocolate
Eggless Cherry & Chocolate Ice Cream,Ice Cream,JUNIOR_SCOOP_60GMS,9314d919-4b6f-50d1-a1d1-11aa83647a76,e4d57a7d-d262-5fd8-98cb-62ae69804b8d,3,3,3,54290382 | 7b6a5b65-b870-5670-89d9-3eb1c3c0776e | ae468c2f-c41b-5af7-8c08-0d5b754bcb2b,addon | unknown,0,41,2,Cherry & Chocolate (60gm) | Eggless Cherry &amp; Chocolate Ice Cream Small Scoop,3,Cherry & Chocolate (60gm) | Cherry Chocolate Sample | Eggless Cherry & Chocolate
Eggless Cherry & Chocolate Ice Cream,Ice Cream,MINI_TUB_200ML,9314d919-4b6f-50d1-a1d1-11aa83647a76,74f43046-a2ff-5e69-9b78-1724b6f0a030,10,10,10,1285670452 | 53120309 | 53120312 | 53120313 | 53120322 | 53120323 | 53120324 | 53120326 | 53120327 | 53120328,addon | item,217,46,8,Cherry & Chocolate Fudge Ice Cream (Mini Tub (160gms)) | Cherry & Chocolate Fudge Ice Cream (Mini tub (160gms)) | Cherry &amp; Chocolate Fudge Ice Cream (Mini Tub (160gms)) | Eggles Cherry & Chocolate 200ml | Eggles Cherry &amp; Chocolate 200ml | Eggless Cherry & Chocolate 200ml | Eggless Cherry & Chocolate Ice Cream (Mini tub (200ml)) | Eggless Cherry &amp; Chocolate 200ml,3,Cherry & Chocolate (60gm) | Cherry Chocolate Sample | Eggless Cherry & Chocolate
Eggless Cherry & Chocolate Ice Cream,Ice Cream,REGULAR_SCOOP_120GMS,9314d919-4b6f-50d1-a1d1-11aa83647a76,b747b32a-ee01-59b9-b443-75581bb57863,1,1,1,1285670451,item,352,0,2,Cherry & Chocolate Fudge Ice Cream (Regular Scoop (120gm)) | Eggless Cherry & Chocolate Ice Cream (Regular Scoop),3,Cherry & Chocolate (60gm) | Cherry Chocolate Sample | Eggless Cherry & Chocolate
Eggless Cherry & Chocolate Ice Cream,Ice Cream,REGULAR_TUB_300ML,9314d919-4b6f-50d1-a1d1-11aa83647a76,95cd7af2-383e-5449-893f-83f53bb658bf,1,1,1,1285670453,item,174,0,6,Cherry & Chocolate Fudge Ice Cream (Regular Tub (220gms)) | Eggless Cherry & Chocolate Ice Cream (Perfect Plenty (300ml)) | Eggless Cherry & Chocolate Ice Cream (Regular Tub (220gms)) | Eggless Cherry & Chocolate Ice Cream (Regular Tub (300ml)) | Eggless Cherry &amp; Chocolate Ice Cream (Perfect Plenty (300ml)) | Eggless Cherry &amp; Chocolate Ice Cream (Regular Tub (300ml)),3,Cherry & Chocolate (60gm) | Cherry Chocolate Sample | Eggless Cherry & Chocolate
Eggless Chocolate Ice Cream,Ice Cream,FAMILY_TUB_725ML,633ca1f4-54fe-5e13-aad0-0998253f7c66,b43993c2-8f3b-541e-af64-c9599eba6e7d,1,1,1,1283886196,item,12,0,5,Eggless Chocolate Ice Cream (Family Feast (725ml)) | Eggless Chocolate Ice Cream (Family Tub (700ml)) | Eggless Chocolate Ice Cream (Family Tub (725ml)) | Just Chocolate (andra) Ice Cream (Family Tub (500gms)) | Just Chocolate Ice Cream (Family Tub (500gms)),0,
Eggless Chocolate Ice Cream,Ice Cream,JUNIOR_SCOOP_60GMS,633ca1f4-54fe-5e13-aad0-0998253f7c66,e4d57a7d-d262-5fd8-98cb-62ae69804b8d,1,1,1,1285048092,item,11,0,2,Eggless Chocolate Ice Cream (Junior Scoop) | Just Chocolate Ice Cream (Junior Scoop (60gm)),0,
Eggless Chocolate Ice Cream,Ice Cream,MINI_TUB_200ML,633ca1f4-54fe-5e13-aad0-0998253f7c66,74f43046-a2ff-5e69-9b78-1724b6f0a030,6,6,6,1284985352 | 51217648 | 51217658 | 51492544 | 51949301 | 53120318,addon | item,62,22,6,Eggless Chocolate Ice Cream (Mini tub (200ml)) | Eggless Chocolate Ice Cream 200ml | Just Chocolate (Andra) Ice Cream (Mini Tub (160gms)) | Just Chocolate (andra) Ice Cream (Mini Tub (160gms)) | Just Chocolate Ice Cream (Mini Tub (160gms)) | Just Chocolate Ice Cream (Mini tub (160gms)),0,
Eggless Chocolate Ice Cream,Ice Cream,REGULAR_SCOOP_120GMS,633ca1f4-54fe-5e13-aad0-0998253f7c66,b747b32a-ee01-59b9-b443-75581bb57863,1,1,1,1284985353,item,121,0,2,Eggless Chocolate Ice Cream (Regular Scoop) | Just Chocolate Ice Cream (Regular Scoop (120gm)),0,
Eggless Chocolate Ice Cream,Ice Cream,REGULAR_TUB_300ML,633ca1f4-54fe-5e13-aad0-0998253f7c66,95cd7af2-383e-5449-893f-83f53bb658bf,1,1,1,1283886195,item,176,0,8,Eggless Chocolate Ice Cream (Perfect Plenty (300ml)) | Eggless Chocolate Ice Cream (Perfect Plenty (325ml)) | Eggless Chocolate Ice Cream (Perfect Plenty) | Eggless Chocolate Ice Cream (Regular Tub (300ml)) | Eggless Milk Chocolate (Perfect Plenty) | Just Chocolate (Andra) Ice Cream (Regular Tub (220gms)) | Just Chocolate (andra) Ice Cream (Regular Tub (220gms)) | Just Chocolate Ice Cream (Regular Tub (220gms)),0,
Eggless Chocolate Overload,Ice Cream,FAMILY_TUB_725ML,09d510e1-6514-5dba-95ea-cfc3639b84e1,b43993c2-8f3b-541e-af64-c9599eba6e7d,1,1,1,1287195520,item,40,0,6,Chocolate Overload (Family Tub (500gms)) | Chocolate Overload Ice Cream (Family Tub (500gms)) | Eggless Chocolate Overload (Family Feast (725ml)) | Eggless Chocolate Overload (Family Tub (500gms)) | Eggless Chocolate Overload (Family Tub (700ml)) | Eggless Chocolate Overload (Family Tub (725ml)),0,
Eggless Chocolate Overload,Ice Cream,JUNIOR_SCOOP_60GMS,09d510e1-6514-5dba-95ea-cfc3639b84e1,e4d57a7d-d262-5fd8-98cb-62ae69804b8d,1,1,1,1287195516,item,20,0,3,Chocolate Overload Ice Cream (Junior Scoop (60gm)) | Eggless Chocolate Overload (Junior Scoop (60gm)) | Eggless Chocolate Overload (Junior Scoop),0,
Eggless Chocolate Overload,Ice Cream,MINI_TUB_200ML,09d510e1-6514-5dba-95ea-cfc3639b84e1,74f43046-a2ff-5e69-9b78-1724b6f0a030,8,8,8,1287195518 | 54012795 | 54012796 | 54012800 | 54012801 | 54012828 | 54012829 | 54012830,addon | item,210,52,7,Chocolate Overload (Mini Tub (160gms)) | Chocolate Overload Ice Cream (Mini Tub (160gms)) | Chocolate Overload Ice Cream (Mini tub (160gms)) | Eggless Chocolate Overload (Mini Tub (160gms)) | Eggless Chocolate Overload (Mini tub (160gms)) | Eggless Chocolate Overload (Mini tub (200ml)) | Eggless Chocolate Overload 200ml,0,
Eggless Chocolate Overload,Ice Cream,PERFECT_PLENTY_300ML,09d510e1-6514-5dba-95ea-cfc3639b84e1,c6438ece-1c0e-5db1-860f-27f45090a616,1,1,1,1287195519,item,183,0,5,Chocolate Overload (Regular Tub (220gms)) | Chocolate Overload Ice Cream (Regular Tub (220gms)) | Eggless Chocolate Overload (Perfect Plenty (300ml)) | Eggless Chocolate Overload (Regular Tub (220gms)) | Eggless Chocolate Overload (Regular Tub (300ml)),0,
Eggless Chocolate Overload,Ice Cream,REGULAR_SCOOP_120GMS,09d510e1-6514-5dba-95ea-cfc3639b84e1,b747b32a-ee01-59b9-b443-75581bb57863,1,1,1,1287195517,item,316,0,3,Chocolate Overload Ice Cream (Regular Scoop (120gm)) | Eggless Chocolate Overload (Regular Scoop (120gm)) | Eggless Chocolate Overload (Regular Scoop),0,
Eggless Chocolate Overload Ice Cream,Ice Cream,JUNIOR_SCOOP_60GMS,03c6d171-50c2-597d-92bb-b039e2384761,e4d57a7d-d262-5fd8-98cb-62ae69804b8d,3,3,3,1964e2af-f261-540b-918f-88f6142d9fbc | 312d2a9a-79ee-5feb-bea3-4dcd3f11cc25 | 54290381,addon | unknown,0,29,2,Chocolate Overload (60gm) | Eggless Chocolate Overload Ice Cream Small Scoop,3,Chocolate Overload | Chocolate Overload (60gm) | Chocolate Overload Sample
Eggless Coconut & Pineapple,Ice Cream,JUNIOR_SCOOP_60GMS,1cc49103-5647-5181-816b-dc759baed982,e4d57a7d-d262-5fd8-98cb-62ae69804b8d,2,2,2,54897583 | 9d14abd7-7e48-5bae-b334-c242d0a228a1,addon | unknown,0,17,3,Coconut & Pineapple (60gm) | Eggless Coconut & Pineapple Small Scoop | Eggless Coconut &amp; Pineapple Small Scoop,0,
Eggless Coconut & Pineapple,Ice Cream,MINI_TUB_200ML,1cc49103-5647-5181-816b-dc759baed982,74f43046-a2ff-5e69-9b78-1724b6f0a030,7,7,7,54897456 | 54897457 | 54897517 | 54897518 | 54897562 | 54897565 | 54897566,addon,0,61,2,Eggless Coconut & Pineapple 200ml | Eggless Coconut &amp; Pineapple 200ml,0,
Eggless Coconut & Pineapple Ice Cream,Ice Cream,FAMILY_TUB_725ML,b8623fbc-4da8-5c97-afea-180e45592597,b43993c2-8f3b-541e-af64-c9599eba6e7d,1,1,1,1288273819,item,26,0,4,Coconut & Pineapple Ice Cream (Family Tub (500gms)) | Eggless Coconut & Pineapple Ice Cream (Family Tub (500gms)) | Eggless Coconut & Pineapple Ice Cream (Family Tub (700ml)) | Eggless Coconut & Pineapple Ice Cream (Family Tub (725ml)),2,Coconut & Pineapple | Coconut & Pineapple (60gm)
Eggless Coconut & Pineapple Ice Cream,Ice Cream,JUNIOR_SCOOP_60GMS,b8623fbc-4da8-5c97-afea-180e45592597,e4d57a7d-d262-5fd8-98cb-62ae69804b8d,2,2,2,1288273815 | 1b1efe89-862a-5983-bdf4-88186e54eb7c,item | unknown,6,0,1,Eggless Coconut & Pineapple Ice Cream (Junior Scoop (60gm)),2,Coconut & Pineapple | Coconut & Pineapple (60gm)
Eggless Coconut & Pineapple Ice Cream,Ice Cream,MINI_TUB_200ML,b8623fbc-4da8-5c97-afea-180e45592597,74f43046-a2ff-5e69-9b78-1724b6f0a030,1,1,1,1288273817,item,269,0,8,Coconut & Pineapple Ice Cream (Mini Tub (160gms)) | Coconut & Pineapple Ice Cream (Mini tub (160gms)) | Coconut &amp; Pineapple Ice Cream (Mini Tub (160gms)) | Eggless Coconut & Pineapple Ice Cream (Mini Tub (160gms)) | Eggless Coconut & Pineapple Ice Cream (Mini tub (160gms)) | Eggless Coconut & Pineapple Ice Cream (Mini tub (200ml)) | Eggless Coconut &amp; Pineapple Ice Cream (Mini Tub (160gms)) | Eggless Coconut &amp; Pineapple Ice Cream (Navratri) (Mini Tub (200ml)),2,Coconut & Pineapple | Coconut & Pineapple (60gm)
Eggless Coconut & Pineapple Ice Cream,Ice Cream,REGULAR_SCOOP_120GMS,b8623fbc-4da8-5c97-afea-180e45592597,b747b32a-ee01-59b9-b443-75581bb57863,1,1,1,1288273816,item,146,0,4,Coconut & Pineapple Ice Cream (Regular Scoop (120gm)) | Eggless Coconut & Pineapple Ice Cream (Regular Scoop (120gm)) | Eggless Coconut & Pineapple Ice Cream (Regular Scoop) | Eggless Coconut &amp; Pineapple Ice Cream (Regular Scoop),2,Coconut & Pineapple | Coconut & Pineapple (60gm)
Eggless Coconut & Pineapple Ice Cream,Ice Cream,REGULAR_TUB_300ML,b8623fbc-4da8-5c97-afea-180e45592597,95cd7af2-383e-5449-893f-83f53bb658bf,1,1,1,1288273818,item,218,0,6,Coconut & Pineapple Ice Cream (Regular Tub (220gms)) | Coconut &amp; Pineapple Ice Cream (Regular Tub (220gms)) | Eggless Coconut & Pineapple Ice Cream (Regular Tub (220gms)) | Eggless Coconut & Pineapple Ice Cream (Regular Tub (300ml)) | Eggless Coconut & Pineapple Ice Cream (navratri) (Regular Tub (300ml)) | Eggless Coconut &amp; Pineapple Ice Cream (Regular Tub (300ml)),2,Coconut & Pineapple | Coconut & Pineapple (60gm)
Eggless Coffee Mascarpone Ice Cream,Ice Cream,FAMILY_TUB_725ML,c9b75532-8b1c-5a96-bf9d-1bf64d857f5a,b43993c2-8f3b-541e-af64-c9599eba6e7d,1,1,1,1283123231,item,24,0,6,Eggless Coffee Mascarpone Ice Cream (Family Feast (725ml)) | Eggless Coffee Mascarpone Ice Cream (Family Feast) | Eggless Coffee Mascarpone Ice Cream (Family Tub (500gms)) | Eggless Coffee Mascarpone Ice Cream (Family Tub (700ml)) | Eggless Coffee Mascarpone Ice Cream (Family Tub (725ml)) | Eggless Coffee Mascarpone Ice Cream (navratri) (Family Tub (725ml)),2,Coffee Mascarpone Ice Cream | Eggless Coffee Mascarpone (60gm)
Eggless Coffee Mascarpone Ice Cream,Ice Cream,JUNIOR_SCOOP_60GMS,c9b75532-8b1c-5a96-bf9d-1bf64d857f5a,e4d57a7d-d262-5fd8-98cb-62ae69804b8d,4,4,4,1285048022 | 41cf69a4-7008-5928-84c1-4caf7a8647df | 54290378 | a352c745-890c-57a5-b5ee-450f633ec0b6,addon | item | unknown,10,18,3,Eggless Coffee Mascarpone Ice Cream (Junior Scoop (60gm)) | Eggless Coffee Mascarpone Ice Cream (Junior Scoop) | Eggless Coffee Mascarpone Ice Cream Small Scoop,2,Coffee Mascarpone Ice Cream | Eggless Coffee Mascarpone (60gm)
Eggless Coffee Mascarpone Ice Cream,Ice Cream,MINI_TUB_160GMS,c9b75532-8b1c-5a96-bf9d-1bf64d857f5a,a1df2a57-b94a-56db-b890-3cba1e7aa15c,1,1,1,c2928346-f269-556b-bb16-8d7905e3a806,unknown,0,0,0,,2,Coffee Mascarpone Ice Cream | Eggless Coffee Mascarpone (60gm)
Eggless Coffee Mascarpone Ice Cream,Ice Cream,MINI_TUB_200ML,c9b75532-8b1c-5a96-bf9d-1bf64d857f5a,74f43046-a2ff-5e69-9b78-1724b6f0a030,9,9,9,1284985314 | 51217644 | 51217650 | 51949298 | 51975419 | 51975430 | 51975431 | 51975432 | 52320264,addon | item,73,69,4,Eggless Coffee Mascarpone Ice Cream (Mini Tub (160gms)) | Eggless Coffee Mascarpone Ice Cream (Mini tub (160gms)) | Eggless Coffee Mascarpone Ice Cream (Mini tub (200ml)) | Eggless Coffee Mascarpone Ice Cream 200ml,2,Coffee Mascarpone Ice Cream | Eggless Coffee Mascarpone (60gm)
Eggless Coffee Mascarpone Ice Cream,Ice Cream,REGULAR_SCOOP_120GMS,c9b75532-8b1c-5a96-bf9d-1bf64d857f5a,b747b32a-ee01-59b9-b443-75581bb57863,1,1,1,1284985315,item,74,0,2,Eggless Coffee Mascarpone Ice Cream (Regular Scoop (120gm)) | Eggless Coffee Mascarpone Ice Cream (Regular Scoop),2,Coffee Mascarpone Ice Cream | Eggless Coffee Mascarpone (60gm)
Eggless Coffee Mascarpone Ice Cream,Ice Cream,REGULAR_TUB_300ML,c9b75532-8b1c-5a96-bf9d-1bf64d857f5a,95cd7af2-383e-5449-893f-83f53bb658bf,1,1,1,1283123230,item,134,0,6,Eggless Coffee Mascarpone Ice Cream (Perfect Plenty (200gms)) | Eggless Coffee Mascarpone Ice Cream (Perfect Plenty (300ml)) | Eggless Coffee Mascarpone Ice Cream (Perfect Plenty) | Eggless Coffee Mascarpone Ice Cream (Regular Tub (220gms)) | Eggless Coffee Mascarpone Ice Cream (Regular Tub (300ml)) | Eggless Coffee Mascarpone Ice Cream (navratri) (Regular Tub (300ml)),2,Coffee Mascarpone Ice Cream | Eggless Coffee Mascarpone (60gm)
Eggless Design Your Indulgence Duo Ice Creams,Combo,DUO_200ML_200ML,352d7c2f-4f89-5cf1-bfe5-1f0b84cc05bb,d755256f-e108-56e3-b125-be7736f091af,1,1,1,1284128669,item,104,0,2,Eggless Design Your Indulgence Duo | Eggless Design Your Indulgence Duo Ice Creams (200ml+200ml),0,
Eggless Fig & Orange Ice Cream,Ice Cream,JUNIOR_SCOOP_60GMS,c49be7fe-2ec3-52b1-8557-dd6485828789,e4d57a7d-d262-5fd8-98cb-62ae69804b8d,2,2,2,1285041580 | 5e83a316-9dad-597a-ab5c-5bbccc4a1544,item | unknown,7,0,2,Eggless Fig Orange Ice Cream (Junior Scoop) | Fig & Orange Ice Cream (Junior Scoop (60gm)),1,Eggless Fig & Orange
Eggless Fig & Orange Ice Cream,Ice Cream,MINI_TUB_200ML,c49be7fe-2ec3-52b1-8557-dd6485828789,74f43046-a2ff-5e69-9b78-1724b6f0a030,3,3,3,53507744 | 55826298 | 55826299,addon,0,15,3,Eggless Fig & Orange 200ml | Eggless Fig &amp; Orange 200ml | Fig &amp; Orange 200ml,1,Eggless Fig & Orange
Eggless Just Chocolate,Ice Cream,JUNIOR_SCOOP_60GMS,d09315ed-ca80-55d8-9bf6-95b2d11f5627,e4d57a7d-d262-5fd8-98cb-62ae69804b8d,2,2,2,22417fd7-a851-5881-92b5-ed3f01b6a7e2 | 54290391,addon | unknown,0,11,2,Eggless Just Chocolate Small Scoop | Just Chocolate (andra) (60gm),0,
Eggless Just Chocolate,Ice Cream,MINI_TUB_200ML,d09315ed-ca80-55d8-9bf6-95b2d11f5627,74f43046-a2ff-5e69-9b78-1724b6f0a030,2,2,2,54440584 | 54440585,addon,0,12,1,Eggless Just Chocolate 200ml,0,
Eggless Kulfi Inspired Ice Cream,Ice Cream,REGULAR_SCOOP_120GMS,6e62d989-db42-5d76-88e0-4fe6587c97f7,b747b32a-ee01-59b9-b443-75581bb57863,1,1,1,1285670482,item,3,0,1,Eggless Kulfi Inspired Ice Cream (Regular Scoop),0,
Eggless Milk Chocolate Ice Cream,Ice Cream,MINI_TUB_200ML,df01e5ca-e222-5516-8bc6-3b52ed9e3262,74f43046-a2ff-5e69-9b78-1724b6f0a030,1,1,1,51217677,addon,0,1,1,Eggless Milk Chocolate Ice Cream 200ml,0,
Eggless Old Fashion Vanilla Ice Cream,Ice Cream,FAMILY_TUB_725ML,bce18e8a-f930-5b4f-98ae-f89aa6925fe2,b43993c2-8f3b-541e-af64-c9599eba6e7d,1,1,1,1283123373,item,1,0,1,Eggless Old Fashion Vanila Ice Cream (Family Feast),0,
Eggless Old Fashion Vanilla Ice Cream,Ice Cream,PERFECT_PLENTY_300ML,bce18e8a-f930-5b4f-98ae-f89aa6925fe2,c6438ece-1c0e-5db1-860f-27f45090a616,1,1,1,1283123372,item,2,0,1,Eggless Old Fashion Vanila Ice Cream (Perfect Plenty (300ml)),0,
Eggless Old Fashion Vanilla Ice Cream,Ice Cream,REGULAR_SCOOP_120GMS,bce18e8a-f930-5b4f-98ae-f89aa6925fe2,b747b32a-ee01-59b9-b443-75581bb57863,1,1,1,1285048167,item,3,0,1,Eggless Old Fashion Vanila Ice Cream (Regular Scoop),0,
Eggless Paan & Gulkand Ice Cream,Ice Cream,FAMILY_TUB_725ML,b232792d-48d5-5c35-ab86-144a6fb1e43d,b43993c2-8f3b-541e-af64-c9599eba6e7d,1,1,1,1283123365,item,40,0,6,Eggless Paan & Gulkand Ice Cream (Family Feast (725ml)) | Eggless Paan & Gulkand Ice Cream (Family Feast) | Eggless Paan & Gulkand Ice Cream (Family Tub (700ml)) | Eggless Paan & Gulkand Ice Cream (Family Tub (725ml)) | Eggless Paan & Gulkand Ice Cream (navratri) (Family Tub (725ml)) | Paan & Gulkand Ice Cream (Family Tub (500gms)),0,
Eggless Paan & Gulkand Ice Cream,Ice Cream,JUNIOR_SCOOP_60GMS,b232792d-48d5-5c35-ab86-144a6fb1e43d,e4d57a7d-d262-5fd8-98cb-62ae69804b8d,4,4,4,1285048068 | 44abde53-30c2-510f-94c7-7d05d26b4ebc | 54290379 | a76f1a7d-0a75-5abb-9433-0c0cdbe9c449,addon | item | unknown,12,25,3,Eggless Paan & Gulkand Ice Cream (Junior Scoop) | Eggless Paan &amp; Gulkand Ice Cream Small Scoop | Paan & Gulkand Ice Cream (Junior Scoop (60gm)),0,
Eggless Paan & Gulkand Ice Cream,Ice Cream,MINI_TUB_200ML,b232792d-48d5-5c35-ab86-144a6fb1e43d,74f43046-a2ff-5e69-9b78-1724b6f0a030,11,11,11,1284985325 | 51217614 | 51217629 | 51217645 | 51217652 | 51492579 | 51949299 | 51975421 | 51975436 | 51975437 | 51975438,addon | item,143,95,6,Eggless Paan & Gulkand Ice Cream (Mini Indulgence (200ml)) | Eggless Paan & Gulkand Ice Cream (Mini tub (200ml)) | Eggless Paan & Gulkand Ice Cream 200ml | Eggless Paan &amp; Gulkand Ice Cream 200ml | Paan & Gulkand Ice Cream (Mini Tub (160gms)) | Paan & Gulkand Ice Cream (Mini tub (160gms)),0,
Eggless Paan & Gulkand Ice Cream,Ice Cream,REGULAR_SCOOP_120GMS,b232792d-48d5-5c35-ab86-144a6fb1e43d,b747b32a-ee01-59b9-b443-75581bb57863,1,1,1,1284985326,item,185,0,2,Eggless Paan & Gulkand Ice Cream (Regular Scoop) | Paan & Gulkand Ice Cream (Regular Scoop (120gm)),0,
Eggless Paan & Gulkand Ice Cream,Ice Cream,REGULAR_TUB_300ML,b232792d-48d5-5c35-ab86-144a6fb1e43d,95cd7af2-383e-5449-893f-83f53bb658bf,1,1,1,1283123364,item,194,0,8,Eggless Paan & Gulkand Ice Cream (Perfect Plenty (300ml)) | Eggless Paan & Gulkand Ice Cream (Perfect Plenty) | Eggless Paan & Gulkand Ice Cream (Regular Tub (220gms)) | Eggless Paan & Gulkand Ice Cream (Regular Tub (300ml)) | Eggless Paan & Gulkand Ice Cream (navratri) (Regular Tub (300ml)) | Eggless Paan &amp; Gulkand Ice Cream (Perfect Plenty (200gms)) | Eggless Paan &amp; Gulkand Ice Cream (Perfect Plenty (300ml)) | Paan & Gulkand Ice Cream (Regular Tub (220gms)),0,
Eggless Strawberry Cream Cheese Ice Cream,Ice Cream,FAMILY_TUB_725ML,bb65ae9b-3a09-5e7a-96ec-82aa8beab2e1,b43993c2-8f3b-541e-af64-c9599eba6e7d,1,1,1,1283123385,item,49,0,6,Eggless Strawberry Cream Cheese Ice Cream (Family Feast (725ml)) | Eggless Strawberry Cream Cheese Ice Cream (Family Feast) | Eggless Strawberry Cream Cheese Ice Cream (Family Tub (700ml)) | Eggless Strawberry Cream Cheese Ice Cream (Family Tub (725ml)) | Eggless Strawberry Cream Cheese Ice Cream (navratri) (Family Tub (725ml)) | Strawberry Cream Cheese Ice Cream (Family Tub (500gms)),2,Eggless Strawberry Cream Cheese | Strawberry Sample
Eggless Strawberry Cream Cheese Ice Cream,Ice Cream,JUNIOR_SCOOP_60GMS,bb65ae9b-3a09-5e7a-96ec-82aa8beab2e1,e4d57a7d-d262-5fd8-98cb-62ae69804b8d,3,3,3,1285048082 | 54290377 | fa24d0c0-4702-50ca-857e-72e45dc10274,addon | item | unknown,26,32,4,Eggless Strawberry Cream Cheese Ice Cream (Junior Scoop) | Eggless Strawberry Cream Cheese Small Scoop | Strawberry Cream Cheese (60gm) | Strawberry Cream Cheese Ice Cream (Junior Scoop (60gm)),2,Eggless Strawberry Cream Cheese | Strawberry Sample
Eggless Strawberry Cream Cheese Ice Cream,Ice Cream,MINI_TUB_200ML,bb65ae9b-3a09-5e7a-96ec-82aa8beab2e1,74f43046-a2ff-5e69-9b78-1724b6f0a030,13,13,13,1284985341 | 51217612 | 51217625 | 51217646 | 51217654 | 51492577 | 51949300 | 51975420 | 51975433 | 51975434 | 51975435 | 52320265 | 52700804,addon | item,277,91,5,Eggless Strawberry Cream Cheese Ice Cream (Mini Indulgence (200ml)) | Eggless Strawberry Cream Cheese Ice Cream (Mini tub (200ml)) | Eggless Strawberry Cream Cheese Ice Cream 200ml | Strawberry Cream Cheese Ice Cream (Mini Tub (160gms)) | Strawberry Cream Cheese Ice Cream (Mini tub (160gms)),2,Eggless Strawberry Cream Cheese | Strawberry Sample
Eggless Strawberry Cream Cheese Ice Cream,Ice Cream,REGULAR_SCOOP_120GMS,bb65ae9b-3a09-5e7a-96ec-82aa8beab2e1,b747b32a-ee01-59b9-b443-75581bb57863,1,1,1,1284985342,item,313,0,2,Eggless Strawberry Cream Cheese Ice Cream (Regular Scoop) | Strawberry Cream Cheese Ice Cream (Regular Scoop (120gm)),2,Eggless Strawberry Cream Cheese | Strawberry Sample
Eggless Strawberry Cream Cheese Ice Cream,Ice Cream,REGULAR_TUB_300ML,bb65ae9b-3a09-5e7a-96ec-82aa8beab2e1,95cd7af2-383e-5449-893f-83f53bb658bf,1,1,1,1283123384,item,351,0,6,Eggless Strawberry Cream Cheese Ice Cream (Perfect Plenty (200gms)) | Eggless Strawberry Cream Cheese Ice Cream (Perfect Plenty (300ml)) | Eggless Strawberry Cream Cheese Ice Cream (Perfect Plenty) | Eggless Strawberry Cream Cheese Ice Cream (Regular Tub (300ml)) | Eggless Strawberry Cream Cheese Ice Cream (navratri) (Regular Tub (300ml)) | Strawberry Cream Cheese Ice Cream (Regular Tub (220gms)),2,Eggless Strawberry Cream Cheese | Strawberry Sample
Employee Dessert ( Any 1 ),Dessert,1_PIECE,333fab67-306a-5a00-9e14-488ac4927ab6,f8b92f1e-8f3b-5a1c-8615-215dd0b3a4cc,1,1,1,1292464076,item,47,0,1,Employee Dessert ( Any 1 ),0,
Fig & Orange Ice Cream,Ice Cream,FAMILY_TUB_725ML,af249e85-4855-5076-867f-139e7e79da37,b43993c2-8f3b-541e-af64-c9599eba6e7d,1,1,1,1282581641,item,11,0,4,Fig & Orange Ice Cream (Family Tub (500gms)) | Fig Orange Ice Cream (Family Feast (550gms)) | Fig Orange Ice Cream (Family Feast (725ml)) | Fig Orange Ice Cream (Family Tub (725ml)),3,Fig & Orange | Fig & Orange (60gm) | Fig & Orange Sample
Fig & Orange Ice Cream,Ice Cream,JUNIOR_SCOOP_60GMS,af249e85-4855-5076-867f-139e7e79da37,e4d57a7d-d262-5fd8-98cb-62ae69804b8d,2,2,2,5285e894-3993-522e-a621-01759240e55a | 54290386,addon | unknown,0,12,4,Eggless Fig & Orange Ice Cream Small Scoop | Eggless Fig &amp; Orange Ice Cream Small Scoop | Fig & Orange (60gm) | Fig &amp; Orange Ice Cream Small Scoop,3,Fig & Orange | Fig & Orange (60gm) | Fig & Orange Sample
Fig & Orange Ice Cream,Ice Cream,MINI_TUB_160GMS,af249e85-4855-5076-867f-139e7e79da37,a1df2a57-b94a-56db-b890-3cba1e7aa15c,3,3,3,26706441-317b-56c7-a919-a15c4c5aff5b | 3a26066b-ac9b-56b6-a341-3cfc5590723f | bd7b2544-405e-5b1f-ad4d-07bee01b06da,unknown,0,0,0,,3,Fig & Orange | Fig & Orange (60gm) | Fig & Orange Sample
Fig & Orange Ice Cream,Ice Cream,MINI_TUB_200ML,af249e85-4855-5076-867f-139e7e79da37,74f43046-a2ff-5e69-9b78-1724b6f0a030,9,9,9,1284985010 | 51217616 | 51217633 | 51217661 | 51492581 | 53507745 | 53507746 | 53507747 | 53507748,addon | item,111,72,11,Eggless Fig & Orange 200ml | Eggless Fig & Orange Ice Cream 200ml | Eggless Fig &amp; Orange 200ml | Eggless Fig Orange Ice Cream (Mini tub (200ml)) | Fig & Orange 200ml | Fig & Orange Ice Cream (Mini Tub (160gms)) | Fig & Orange Ice Cream (Mini tub (160gms)) | Fig & Orange Ice Cream 200ml | Fig &amp; Orange 200ml | Fig &amp; Orange Ice Cream 200ml | Fig Orange Ice Cream (Mini tub (200ml)),3,Fig & Orange | Fig & Orange (60gm) | Fig & Orange Sample
Fig & Orange Ice Cream,Ice Cream,PERFECT_PLENTY_200GMS,af249e85-4855-5076-867f-139e7e79da37,0a41ed3b-37e4-540b-bc5c-407631835802,1,1,1,1282581639,item,150,0,11,Eggless Fig & Orange Ice Cream (Regular Tub (300ml)) | Eggless Fig & Orange Ice Cream (navratri) (Regular Tub (300ml)) | Eggless Fig &amp; Orange Ice Cream (Regular Tub (300ml)) | Eggless Fig Orange Ice Cream (Regular Tub (300ml)) | Fig & Orange Ice Cream (Regular Tub (220gms)) | Fig &amp; Orange Ice Cream (Regular Tub (220gms)) | Fig Orange Ice Cream (Perfect Plenty (200gms)) | Fig Orange Ice Cream (Perfect Plenty (300ml)) | Fig Orange Ice Cream (Perfect Plenty) | Fig Orange Ice Cream (Regular Tub (300ml)) | Fig Orange Ice Cream (Regular),3,Fig & Orange | Fig & Orange (60gm) | Fig & Orange Sample
Fig & Orange Ice Cream,Ice Cream,REGULAR_SCOOP_120GMS,af249e85-4855-5076-867f-139e7e79da37,b747b32a-ee01-59b9-b443-75581bb57863,1,1,1,1284985133,item,177,0,3,Eggless Fig Orange Ice Cream (Regular Scoop) | Fig & Orange Ice Cream (Regular Scoop (120gm)) | Fig Orange Ice Cream (Regular Scoop),3,Fig & Orange | Fig & Orange (60gm) | Fig & Orange Sample
Fudgy Chocolate Brownie,Dessert,1_PIECE,1182c413-4f67-5339-adb3-b4329846ab53,f8b92f1e-8f3b-5a1c-8615-215dd0b3a4cc,4,4,4,1293968810 | 60840446 | 60841060 | b48d80d1-5208-54f6-9df9-d1e82b43ff05,addon | item | unknown,45,4,2,Fudgy Chocolate Brownie | Fudgy Chocolate Brownie (1pc),0,
Fudgy Chocolate Brownie,Dessert,2_PIECES,1182c413-4f67-5339-adb3-b4329846ab53,5f354550-0f38-58c3-ad16-97672a66817d,1,1,1,1295954711,item,91,0,1,Fudgy Chocolate Brownie (2pcs) - Round Shape,0,
Go Bananas Ice Cream,Ice Cream,MINI_TUB_200ML,43b1f9c5-9438-5be8-bc91-488ff9c56d3d,74f43046-a2ff-5e69-9b78-1724b6f0a030,2,2,2,51217619 | 51217639,addon,0,2,1,Go Bananas Ice Cream 200ml,0,
Half In Half Regular Scoop Combo,Combo,REGULAR_SCOOP_120GMS,32941b27-b380-5495-add7-8022f4c99487,b747b32a-ee01-59b9-b443-75581bb57863,1,1,1,1285947613,item,376,0,1,Half In Half Regular Scoop Combo,0,
Hot Chocolate,Drinks,1_PIECE,113d84b7-b764-54a0-aeab-d349fec36b83,f8b92f1e-8f3b-5a1c-8615-215dd0b3a4cc,1,1,1,1298172691,item,6,0,1,Hot Chocolate,0,
Hot Chocolate Fudge Sauce,Extra,250GMS,69b53068-1808-5967-a7b4-6d827ae0098b,41b9844c-f8f1-543a-8f80-fec32f9f18e3,1,1,1,1293968811,item,1,0,1,Hot Chocolate Fudge Sauce (250gm),0,
Hot Chocolate Fudge Sauce 50gm,Extra,1_PIECE,68e9f641-0d12-5699-bda0-0fc452640a25,f8b92f1e-8f3b-5a1c-8615-215dd0b3a4cc,1,1,1,1298471396,item,15,0,1,Hot Chocolate Fudge Sauce 50gm,0,
Ice Cream Cake,Ice Cream,1KG,1f051617-9f42-5495-984d-01f0b811f45f,4398d6ab-f481-5179-9903-084067113cc0,1,1,1,1290957951,item,1,0,1,Ice Cream Cake 1kg,0,
Ice Cream Cake,Ice Cream,400GMS,1f051617-9f42-5495-984d-01f0b811f45f,4442990c-72cc-5474-a4f2-1a429caac09a,1,1,1,1289378563,item,2,0,1,Ice Cream Cake 400gm,0,
Ice Cream Factory Visit & Trials,Service,FAMILY,9dfd092f-1a87-5eec-9536-b4f0acb02f6c,190eb2e5-5671-55be-ac33-57907b87a2ce,1,1,1,1282786652,item,9,0,1,Ice Cream Factory Visit & Trials(family),0,
Ice Cream Factory Visit & Trials,Service,SINGLE,9dfd092f-1a87-5eec-9536-b4f0acb02f6c,f2a1ea5a-2b0b-562d-8c50-808760640024,1,1,1,1282786651,item,2,0,1,Ice Cream Factory Visit & Trials (single),0,
Just Chocolate,Ice Cream,MINI_TUB_160GMS,5b5641cb-5e82-543b-b6fe-1014f0d327b6,a1df2a57-b94a-56db-b890-3cba1e7aa15c,1,1,1,fe18f747-ce4b-52b3-8aff-f4f37aa9afdb,unknown,0,0,0,,0,
Large Box Thermocol And Dry Ice Packaging,Extra,1_PIECE,35135dfb-b56a-53ba-a515-ce7c5cd1fe88,f8b92f1e-8f3b-5a1c-8615-215dd0b3a4cc,1,1,1,1288951244,item,1,0,1,Large Box Thermocol And Dry Ice Packaging,0,
"Lemongrass, Ginger & Lemon Jam Ice Cream",Ice Cream,FAMILY_TUB_500GMS,8b5194fc-8f8e-59ee-9367-e4d63f1a39a4,6326525b-bdc3-534a-9f1a-1f0586c04d1b,1,1,1,1300982024,item,5,0,1,"Lemongrass, Ginger & Lemon Jam Ice Cream (Family Tub (500gms))",3,Lemongrass Ginger & Lemon Jam | Lemongrass Ginger & Lemon Jam Ice Cream | Lemongrass Ginger Sample
"Lemongrass, Ginger & Lemon Jam Ice Cream",Ice Cream,JUNIOR_SCOOP_60GMS,8b5194fc-8f8e-59ee-9367-e4d63f1a39a4,e4d57a7d-d262-5fd8-98cb-62ae69804b8d,2,2,2,1300982020 | 797299fd-04bd-58e8-a065-831c635bc130,item | unknown,2,0,1,"Lemongrass, Ginger & Lemon Jam Ice Cream (Junior Scoop (60gm))",3,Lemongrass Ginger & Lemon Jam | Lemongrass Ginger & Lemon Jam Ice Cream | Lemongrass Ginger Sample
"Lemongrass, Ginger & Lemon Jam Ice Cream",Ice Cream,MINI_TUB_160GMS,8b5194fc-8f8e-59ee-9367-e4d63f1a39a4,a1df2a57-b94a-56db-b890-3cba1e7aa15c,1,1,1,1300982022,item,66,0,3,"Lemongrass, Ginger & Lemon Jam Ice Cream (Mini Tub (160gms)) | Lemongrass, Ginger & Lemon Jam Ice Cream (Mini tub (160gms)) | Lemongrass, Ginger &amp; Lemon Jam Ice Cream (Mini Tub (160gms))",3,Lemongrass Ginger & Lemon Jam | Lemongrass Ginger & Lemon Jam Ice Cream | Lemongrass Ginger Sample
"Lemongrass, Ginger & Lemon Jam Ice Cream",Ice Cream,REGULAR_SCOOP_120GMS,8b5194fc-8f8e-59ee-9367-e4d63f1a39a4,b747b32a-ee01-59b9-b443-75581bb57863,1,1,1,1300982021,item,63,0,1,"Lemongrass, Ginger & Lemon Jam Ice Cream (Regular Scoop (120gm))",3,Lemongrass Ginger & Lemon Jam | Lemongrass Ginger & Lemon Jam Ice Cream | Lemongrass Ginger Sample
"Lemongrass, Ginger & Lemon Jam Ice Cream",Ice Cream,REGULAR_TUB_220GMS,8b5194fc-8f8e-59ee-9367-e4d63f1a39a4,e1b8037f-345a-52d6-ae94-cc115490705a,1,1,1,1300982023,item,25,0,1,"Lemongrass, Ginger & Lemon Jam Ice Cream (Regular Tub (220gms))",3,Lemongrass Ginger & Lemon Jam | Lemongrass Ginger & Lemon Jam Ice Cream | Lemongrass Ginger Sample
Masala Chai Ice Cream,Ice Cream,FAMILY_TUB_700ML,7e934374-853c-5250-a690-ad9f0abea8a4,ad6587f3-b7c1-536c-88cb-c48b0b610ada,1,1,1,1282581667,item,2,0,1,Masala Chai Ice Cream (Family Tub (700ml)),1,Masala Chai (60gm)
Masala Chai Ice Cream,Ice Cream,JUNIOR_SCOOP_60GMS,7e934374-853c-5250-a690-ad9f0abea8a4,e4d57a7d-d262-5fd8-98cb-62ae69804b8d,3,3,3,3fe25113-88be-5457-b3b7-3777b57626e9 | 54290389 | 721e9baa-1eb1-5346-86eb-2f94381f1bbd,addon | unknown,0,2,1,Masala Chai Ice Cream Small Scoop,1,Masala Chai (60gm)
Masala Chai Ice Cream,Ice Cream,MINI_TUB_160GMS,7e934374-853c-5250-a690-ad9f0abea8a4,a1df2a57-b94a-56db-b890-3cba1e7aa15c,1,1,1,84e16456-ed08-56b2-aa51-47f94815b57c,unknown,0,0,0,,1,Masala Chai (60gm)
Masala Chai Ice Cream,Ice Cream,MINI_TUB_200ML,7e934374-853c-5250-a690-ad9f0abea8a4,74f43046-a2ff-5e69-9b78-1724b6f0a030,4,4,4,1284985033 | 51949321 | 51949323 | 51949324,addon | item,22,14,4,Masala Chai Ice Cream (Mini Tub (160gms)) | Masala Chai Ice Cream (Mini tub (160gms)) | Masala Chai Ice Cream (Mini tub (200ml)) | Masala Chai Ice Cream 200ml,1,Masala Chai (60gm)
Masala Chai Ice Cream,Ice Cream,REGULAR_SCOOP_120GMS,7e934374-853c-5250-a690-ad9f0abea8a4,b747b32a-ee01-59b9-b443-75581bb57863,1,1,1,1284985186,item,21,0,2,Masala Chai Ice Cream (Regular Scoop (120gm)) | Masala Chai Ice Cream (Regular Scoop),1,Masala Chai (60gm)
Masala Chai Ice Cream,Ice Cream,REGULAR_TUB_300ML,7e934374-853c-5250-a690-ad9f0abea8a4,95cd7af2-383e-5449-893f-83f53bb658bf,1,1,1,1282581666,item,28,0,3,Masala Chai Ice Cream (Perfect Plenty (300ml)) | Masala Chai Ice Cream (Regular Tub (220gms)) | Masala Chai Ice Cream (Regular Tub (300ml)),1,Masala Chai (60gm)
Matcha Berries Ice Cream,Ice Cream,FAMILY_TUB_500GMS,44b22abe-2ca0-5a2e-8919-43396cfdecda,6326525b-bdc3-534a-9f1a-1f0586c04d1b,1,1,1,1299587668,item,1,0,1,Matcha Berries Ice Cream (Family Tub (500gms)),0,
Matcha Berries Ice Cream,Ice Cream,MINI_TUB_160GMS,44b22abe-2ca0-5a2e-8919-43396cfdecda,a1df2a57-b94a-56db-b890-3cba1e7aa15c,1,1,1,1299587666,item,30,0,2,Matcha Berries Ice Cream (Mini Tub (160gms)) | Matcha Berries Ice Cream (Mini tub (160gms)),0,
Matcha Berries Ice Cream,Ice Cream,REGULAR_SCOOP_120GMS,44b22abe-2ca0-5a2e-8919-43396cfdecda,b747b32a-ee01-59b9-b443-75581bb57863,1,1,1,1299587665,item,18,0,1,Matcha Berries Ice Cream (Regular Scoop (120gm)),0,
Mocha Indulgence Duo Ice Creams,Combo,DUO_200ML_200ML,0e5a948e-b98d-52c2-96ae-9e4a8ae8a6df,d755256f-e108-56e3-b125-be7736f091af,1,1,1,1284125405,item,3,0,1,Mocha Indulgence Duo Ice Creams (200ml + 200ml),0,
Monkey Business Ice Cream,Ice Cream,FAMILY_TUB_725ML,3c11f5f6-0712-593a-972b-b3a9acb398b5,b43993c2-8f3b-541e-af64-c9599eba6e7d,1,1,1,1282807671,item,54,0,6,Monkey Business Ice Cream (Family Feast (550gms)) | Monkey Business Ice Cream (Family Feast (725ml)) | Monkey Business Ice Cream (Family Feast) | Monkey Business Ice Cream (Family Tub (500gms)) | Monkey Business Ice Cream (Family Tub (700ml)) | Monkey Business Ice Cream (Family Tub (725ml)),1,Monkey Business Ice Cream (60gm)
Monkey Business Ice Cream,Ice Cream,JUNIOR_SCOOP_60GMS,3c11f5f6-0712-593a-972b-b3a9acb398b5,e4d57a7d-d262-5fd8-98cb-62ae69804b8d,3,3,3,1285047240 | 54290388 | f8774856-05a4-5909-baf7-d4902fa8e83a,addon | item | unknown,4,13,2,Monkey Business Ice Cream (Junior Scoop (60gm)) | Monkey Business Ice Cream Small Scoop,1,Monkey Business Ice Cream (60gm)
Monkey Business Ice Cream,Ice Cream,MINI_TUB_160GMS,3c11f5f6-0712-593a-972b-b3a9acb398b5,a1df2a57-b94a-56db-b890-3cba1e7aa15c,1,1,1,4f4a842c-2bde-5bf3-89d2-6ffdd5a45e01,unknown,0,0,0,,1,Monkey Business Ice Cream (60gm)
Monkey Business Ice Cream,Ice Cream,MINI_TUB_200ML,3c11f5f6-0712-593a-972b-b3a9acb398b5,74f43046-a2ff-5e69-9b78-1724b6f0a030,11,11,11,1284985076 | 51217618 | 51217637 | 51217659 | 51492583 | 51975428 | 51975457 | 51975458 | 51975459 | 52320273 | 52700810,addon | item,112,86,4,Monkey Business Ice Cream (Mini Tub (160gms)) | Monkey Business Ice Cream (Mini tub (160gms)) | Monkey Business Ice Cream (Mini tub (200ml)) | Monkey Business Ice Cream 200ml,1,Monkey Business Ice Cream (60gm)
Monkey Business Ice Cream,Ice Cream,PERFECT_PLENTY_300ML,3c11f5f6-0712-593a-972b-b3a9acb398b5,c6438ece-1c0e-5db1-860f-27f45090a616,1,1,1,1282807670,item,254,0,3,Monkey Business Ice Cream (Perfect Plenty (300ml)) | Monkey Business Ice Cream (Regular Tub (220gms)) | Monkey Business Ice Cream (Regular Tub (300ml)),1,Monkey Business Ice Cream (60gm)
Monkey Business Ice Cream,Ice Cream,REGULAR_SCOOP_120GMS,3c11f5f6-0712-593a-972b-b3a9acb398b5,b747b32a-ee01-59b9-b443-75581bb57863,1,1,1,1284985077,item,193,0,2,Monkey Business Ice Cream (Regular Scoop (120gm)) | Monkey Business Ice Cream (Regular Scoop),1,Monkey Business Ice Cream (60gm)
New York Baked Cheesecake Eggless,Dessert,1_PIECE,6d2881a0-8482-57ba-893b-fbfc9ddcd367,f8b92f1e-8f3b-5a1c-8615-215dd0b3a4cc,1,1,1,1291293953,item,336,0,1,New York Baked Cheesecake Eggless,0,
Nona’s Traditional Plum Cake Eggless Contains Alcohol,Dessert,1_PIECE,eb43e82b-3d0c-5e2c-9e41-d8db18962404,f8b92f1e-8f3b-5a1c-8615-215dd0b3a4cc,1,1,1,1296057737,item,36,0,5,D&amp;N Traditional Plum Cake (Eggless) Contains Alcohol | D&n Traditional Plum Cake (eggless) 310gm Contains Alcohol | D&n Traditional Plum Cake (eggless) 325gm Contains Alcohol | D&n Traditional Plum Cake (eggless) Contains Alcohol | Nona’s Traditional Plum Cake (eggless) Contains Alcohol,0,
Old Fashion Vanilla,Ice Cream,JUNIOR_SCOOP_60GMS,00ee108c-d7e8-59c1-a247-5898b5407e7d,e4d57a7d-d262-5fd8-98cb-62ae69804b8d,2,2,2,54490319 | 6629cd19-f643-5a58-8f77-f9b3cc6c8e5f,addon | unknown,0,19,2,Old Fashion Vanilla (60gm) | Old Fashion Vanilla Small Scoop,1,Old Fashion Vanilla (60gm)
Old Fashion Vanilla Ice Cream,Ice Cream,FAMILY_TUB_725ML,31419064-2567-548d-9219-0897562e6367,b43993c2-8f3b-541e-af64-c9599eba6e7d,1,1,1,1282571500,item,64,0,5,Old Fashion Vanilla Ice Cream (Family Feast (725ml)) | Old Fashion Vanilla Ice Cream (Family Feast) | Old Fashion Vanilla Ice Cream (Family Tub (500gms)) | Old Fashion Vanilla Ice Cream (Family Tub (700ml)) | Old Fashion Vanilla Ice Cream (Family Tub (725ml)),0,
Old Fashion Vanilla Ice Cream,Ice Cream,JUNIOR_SCOOP_60GMS,31419064-2567-548d-9219-0897562e6367,e4d57a7d-d262-5fd8-98cb-62ae69804b8d,1,1,1,1285048138,item,15,0,2,Old Fashion Vanilla Ice Cream (Junior Scoop (60gm)) | Old Fashion Vanilla Ice Cream (Junior Scoop),0,
Old Fashion Vanilla Ice Cream,Ice Cream,MINI_TUB_160GMS,31419064-2567-548d-9219-0897562e6367,a1df2a57-b94a-56db-b890-3cba1e7aa15c,1,1,1,c226a257-ccd8-53d2-a824-d75755e5695f,unknown,0,0,0,,0,
Old Fashion Vanilla Ice Cream,Ice Cream,MINI_TUB_200ML,31419064-2567-548d-9219-0897562e6367,74f43046-a2ff-5e69-9b78-1724b6f0a030,11,11,11,1284985704 | 51217594 | 51217615 | 51217631 | 51492543 | 51492580 | 51975426 | 51975452 | 51975453 | 52320271 | 52700813,addon | item,157,73,4,Old Fashion Vanilla Ice Cream (Mini Tub (160gms)) | Old Fashion Vanilla Ice Cream (Mini tub (160gms)) | Old Fashion Vanilla Ice Cream (Mini tub (200ml)) | Old Fashion Vanilla Ice Cream 200ml,0,
Old Fashion Vanilla Ice Cream,Ice Cream,REGULAR_SCOOP_120GMS,31419064-2567-548d-9219-0897562e6367,b747b32a-ee01-59b9-b443-75581bb57863,1,1,1,1284985705,item,142,0,3,Old Fashion Vanilla Ice Cream (Regular Scoop (120gm)) | Old Fashion Vanilla Ice Cream (Regular Scoop) | Old Fashion Vanilla Ice Cream (Scoop),0,
Old Fashion Vanilla Ice Cream,Ice Cream,REGULAR_TUB_300ML,31419064-2567-548d-9219-0897562e6367,95cd7af2-383e-5449-893f-83f53bb658bf,1,1,1,1282571499,item,215,0,5,Old Fashion Vanilla Ice Cream (Perfect Plenty (300ml)) | Old Fashion Vanilla Ice Cream (Perfect Plenty) | Old Fashion Vanilla Ice Cream (Regular Tub (220gms)) | Old Fashion Vanilla Ice Cream (Regular Tub (300ml)) | Old Fashion Vanilla Ice Cream (Regular),0,
Old Fashioned Vanilla Ice Cream ( Recommended ),Ice Cream,1_PIECE,be8d8dcf-6163-5ef5-ba7f-c08f8e599005,f8b92f1e-8f3b-5a1c-8615-215dd0b3a4cc,4,4,4,61458677 | 61458682 | 61458683 | 79be01a5-21ea-5f9d-80dc-b50c10fa3d27,addon | unknown,0,22,1,Old Fashioned Vanilla Ice Cream ( Recommended ),0,
Orange & Biscuits (Contains Alcohol) Ice Cream,Ice Cream,REGULAR_SCOOP_120GMS,51e3e07f-da27-502b-89c0-8754d5a3c51d,b747b32a-ee01-59b9-b443-75581bb57863,1,1,1,1289926617,item,2,0,2,Orange & Biscuits (with Alcohol) (Regular Scoop) | Orange Ice Cream (with Alcohol) (Regular Scoop (120gm)),0,
Orange & Chocolate Cheesecake,Dessert,1_PIECE,d4c5cdb2-07f9-53bd-a880-740ba64b42f6,f8b92f1e-8f3b-5a1c-8615-215dd0b3a4cc,1,1,1,1294028425,item,266,0,2,Orange & Chocolate Cheesecake | Orange &amp; Chocolate Cheesecake,0,
Orange (Contains Alcohol) Ice Cream,Ice Cream,MINI_TUB_160GMS,b2d62165-7d97-5797-8cc8-07023bc9fa47,a1df2a57-b94a-56db-b890-3cba1e7aa15c,1,1,1,1289926618,item,2,0,1,Orange Ice Cream (with Alcohol) (Mini tub (160gms)),0,
Orange (Contains Alcohol) Ice Cream,Ice Cream,REGULAR_TUB_220GMS,b2d62165-7d97-5797-8cc8-07023bc9fa47,e1b8037f-345a-52d6-ae94-cc115490705a,1,1,1,1289926619,item,4,0,1,Orange Ice Cream (with Alcohol) (Regular Tub (220gms)),0,
Orange With Orange Jam,Ice Cream,1_PIECE,40ad4449-a346-58aa-b244-0e948b030f27,f8b92f1e-8f3b-5a1c-8615-215dd0b3a4cc,1,1,1,944d4448-8d5a-515b-b6ee-a7453404143e,unknown,0,0,0,,2,Orange And Orange Jam (60gm) | Orange With Orange Jam Ice Cream
Orange With Orange Jam,Ice Cream,FAMILY_TUB_500GMS,40ad4449-a346-58aa-b244-0e948b030f27,6326525b-bdc3-534a-9f1a-1f0586c04d1b,1,1,1,1302246705,item,9,0,1,Orange With Orange Jam Ice Cream (Family Tub (500gms)),2,Orange And Orange Jam (60gm) | Orange With Orange Jam Ice Cream
Orange With Orange Jam,Ice Cream,JUNIOR_SCOOP_60GMS,40ad4449-a346-58aa-b244-0e948b030f27,e4d57a7d-d262-5fd8-98cb-62ae69804b8d,1,1,1,1302246701,item,4,0,1,Orange With Orange Jam Ice Cream (Junior Scoop (60gm)),2,Orange And Orange Jam (60gm) | Orange With Orange Jam Ice Cream
Orange With Orange Jam,Ice Cream,MINI_TUB_160GMS,40ad4449-a346-58aa-b244-0e948b030f27,a1df2a57-b94a-56db-b890-3cba1e7aa15c,1,1,1,1302246703,item,43,0,2,Orange With Orange Jam Ice Cream (Mini Tub (160gms)) | Orange With Orange Jam Ice Cream (Mini tub (160gms)),2,Orange And Orange Jam (60gm) | Orange With Orange Jam Ice Cream
Orange With Orange Jam,Ice Cream,REGULAR_SCOOP_120GMS,40ad4449-a346-58aa-b244-0e948b030f27,b747b32a-ee01-59b9-b443-75581bb57863,1,1,1,1302246702,item,68,0,1,Orange With Orange Jam Ice Cream (Regular Scoop (120gm)),2,Orange And Orange Jam (60gm) | Orange With Orange Jam Ice Cream
Orange With Orange Jam,Ice Cream,REGULAR_TUB_220GMS,40ad4449-a346-58aa-b244-0e948b030f27,e1b8037f-345a-52d6-ae94-cc115490705a,1,1,1,1302246704,item,30,0,1,Orange With Orange Jam Ice Cream (Regular Tub (220gms)),2,Orange And Orange Jam (60gm) | Orange With Orange Jam Ice Cream
Paan & Gulkand Ice Cream,Ice Cream,MINI_TUB_160GMS,94ef9647-4895-5e12-8c73-dc56f3b16e89,a1df2a57-b94a-56db-b890-3cba1e7aa15c,1,1,1,456acfac-698d-5d5a-8021-8519cec860d7,unknown,0,0,0,,1,Paan & Gulkand (60gm)
Paan & Gulkand Ice Cream,Ice Cream,MINI_TUB_200ML,94ef9647-4895-5e12-8c73-dc56f3b16e89,74f43046-a2ff-5e69-9b78-1724b6f0a030,1,1,1,1284985293,item,26,0,2,Egg Based Paan & Gulkand Ice Cream (Mini tub (160gms)) | Paan & Gulkand Ice Cream (Mini tub (200ml)),1,Paan & Gulkand (60gm)
Paan & Gulkand Ice Cream,Ice Cream,PERFECT_PLENTY_200GMS,94ef9647-4895-5e12-8c73-dc56f3b16e89,0a41ed3b-37e4-540b-bc5c-407631835802,1,1,1,1282581624,item,8,0,4,Egg Based Paan & Gulkand Ice Cream (Regular Tub (220gms)) | Paan & Gulkand Ice Cream (Perfect Plenty (300ml)) | Paan & Gulkand Ice Cream (Regular Tub (300ml)) | Paan &amp; Gulkand Ice Cream (Perfect Plenty (200gms)),1,Paan & Gulkand (60gm)
Paan & Gulkand Ice Cream,Ice Cream,REGULAR_SCOOP_120GMS,94ef9647-4895-5e12-8c73-dc56f3b16e89,b747b32a-ee01-59b9-b443-75581bb57863,1,1,1,1284985294,item,4,0,1,Paan & Gulkand Ice Cream (Regular Scoop),1,Paan & Gulkand (60gm)
Pistachio Ice Cream,Ice Cream,FAMILY_TUB_725ML,2998b13f-df5c-591e-b432-c0068d41af92,b43993c2-8f3b-541e-af64-c9599eba6e7d,1,1,1,1282581560,item,54,0,5,Pistachio Ice Cream (Family Feast (725ml)) | Pistachio Ice Cream (Family Feast) | Pistachio Ice Cream (Family Tub (500gms)) | Pistachio Ice Cream (Family Tub (700ml)) | Pistachio Ice Cream (Family Tub (725ml)),1,Pistachio Ice Cream (60gm)
Pistachio Ice Cream,Ice Cream,JUNIOR_SCOOP_60GMS,2998b13f-df5c-591e-b432-c0068d41af92,e4d57a7d-d262-5fd8-98cb-62ae69804b8d,4,4,4,1285048148 | 54290387 | a06ddfc3-8e2c-51e8-ade5-ff3c227a50ec | ce64affb-58bc-5225-9e49-28282a3fa8d3,addon | item | unknown,6,14,4,Pistachio Ice Cream (60gm) | Pistachio Ice Cream (Junior Scoop (60gm)) | Pistachio Ice Cream (Junior Scoop) | Pistachio Ice Cream Ice Cream Small Scoop,1,Pistachio Ice Cream (60gm)
Pistachio Ice Cream,Ice Cream,MINI_TUB_160GMS,2998b13f-df5c-591e-b432-c0068d41af92,a1df2a57-b94a-56db-b890-3cba1e7aa15c,1,1,1,d63b4012-830b-59e5-a7e5-72aa2fbf96a4,unknown,0,0,0,,1,Pistachio Ice Cream (60gm)
Pistachio Ice Cream,Ice Cream,MINI_TUB_200ML,2998b13f-df5c-591e-b432-c0068d41af92,74f43046-a2ff-5e69-9b78-1724b6f0a030,7,7,7,1284985744 | 52962549 | 52962550 | 52962551 | 55242582 | 55242583 | 55242584,addon | item,189,40,4,Pistachio Ice Cream (Mini Tub (160gms)) | Pistachio Ice Cream (Mini tub (160gms)) | Pistachio Ice Cream (Mini tub (200ml)) | Pistachio Ice Cream 200ml,1,Pistachio Ice Cream (60gm)
Pistachio Ice Cream,Ice Cream,REGULAR_SCOOP_120GMS,2998b13f-df5c-591e-b432-c0068d41af92,b747b32a-ee01-59b9-b443-75581bb57863,1,1,1,1284985745,item,99,0,2,Pistachio Ice Cream (Regular Scoop (120gm)) | Pistachio Ice Cream (Regular Scoop),1,Pistachio Ice Cream (60gm)
Pistachio Ice Cream,Ice Cream,REGULAR_TUB_300ML,2998b13f-df5c-591e-b432-c0068d41af92,95cd7af2-383e-5449-893f-83f53bb658bf,1,1,1,1282581559,item,231,0,6,Pistachio Ice Cream (Perfect Plenty (200gms)) | Pistachio Ice Cream (Perfect Plenty (300ml)) | Pistachio Ice Cream (Perfect Plenty) | Pistachio Ice Cream (Regular Tub (220gms)) | Pistachio Ice Cream (Regular Tub (300ml)) | Pistachio Ice Cream (Regular),1,Pistachio Ice Cream (60gm)
Rose Cardamom (60gm),Ice Cream,JUNIOR_SCOOP_60GMS,0563f0e8-644c-59b8-b410-7e940445d629,e4d57a7d-d262-5fd8-98cb-62ae69804b8d,1,1,1,91372e6b-d5c7-53a4-8f7c-32204722f35e,unknown,0,0,0,,1,Rose Cardamom (60gm)
Rose Cardamom Ice Cream,Ice Cream,FAMILY_TUB_725ML,1a9c190c-a9c3-5169-8b0a-1183387d6a7b,b43993c2-8f3b-541e-af64-c9599eba6e7d,1,1,1,1282581608,item,10,0,4,Rose Cardamom Ice Cream (Family Feast (725ml)) | Rose Cardamom Ice Cream (Family Tub (500gms)) | Rose Cardamom Ice Cream (Family Tub (700ml)) | Rose Cardamom Ice Cream (Family Tub (725ml)),0,
Rose Cardamom Ice Cream,Ice Cream,JUNIOR_SCOOP_60GMS,1a9c190c-a9c3-5169-8b0a-1183387d6a7b,e4d57a7d-d262-5fd8-98cb-62ae69804b8d,2,2,2,0d9a1ffe-bc5e-5d7b-8599-4fb9574e7113 | 54290385,addon | unknown,0,3,1,Rose Cardamom Ice Cream Small Scoop,0,
Rose Cardamom Ice Cream,Ice Cream,MINI_TUB_160GMS,1a9c190c-a9c3-5169-8b0a-1183387d6a7b,a1df2a57-b94a-56db-b890-3cba1e7aa15c,1,1,1,b8a0063c-f655-5ba2-a3f0-7b9b045c1594,unknown,0,0,0,,0,
Rose Cardamom Ice Cream,Ice Cream,MINI_TUB_200ML,1a9c190c-a9c3-5169-8b0a-1183387d6a7b,74f43046-a2ff-5e69-9b78-1724b6f0a030,7,7,7,1284985237 | 51217620 | 51217641 | 51975427 | 51975455 | 51975456 | 52320272,addon | item,35,24,4,Rose Cardamom Ice Cream (Mini Tub (160gms)) | Rose Cardamom Ice Cream (Mini tub (160gms)) | Rose Cardamom Ice Cream (Mini tub (200ml)) | Rose Cardamom Ice Cream 200ml,0,
Rose Cardamom Ice Cream,Ice Cream,REGULAR_SCOOP_120GMS,1a9c190c-a9c3-5169-8b0a-1183387d6a7b,b747b32a-ee01-59b9-b443-75581bb57863,1,1,1,1284985238,item,49,0,2,Rose Cardamom Ice Cream (Regular Scoop (120gm)) | Rose Cardamom Ice Cream (Regular Scoop),0,
Rose Cardamom Ice Cream,Ice Cream,REGULAR_TUB_300ML,1a9c190c-a9c3-5169-8b0a-1183387d6a7b,95cd7af2-383e-5449-893f-83f53bb658bf,1,1,1,1282581607,item,58,0,4,Rose Cardamom Ice Cream (Perfect Plenty (300ml)) | Rose Cardamom Ice Cream (Perfect Plenty) | Rose Cardamom Ice Cream (Regular Tub (220gms)) | Rose Cardamom Ice Cream (Regular Tub (300ml)),0,
School Kids Factory Visit,Service,1_PIECE,27568a25-6849-5e85-be25-0db39ea3a641,f8b92f1e-8f3b-5a1c-8615-215dd0b3a4cc,1,1,1,1291692931,item,4,0,1,School Kids Factor Visit,0,
Special Packaging Dryice Charges,Extra,1_PIECE,bfe1428c-d522-5895-8d0a-eef5a506065b,f8b92f1e-8f3b-5a1c-8615-215dd0b3a4cc,1,1,1,1284364698,item,3,0,2,Special Packaging Dryice Charges | Special Packaging Thermocol Charges,0,
Strawberry Cream Cheese Ice Cream,Ice Cream,JUNIOR_SCOOP_60GMS,a69e1017-d393-55c3-bedb-3c1ee47863de,e4d57a7d-d262-5fd8-98cb-62ae69804b8d,1,1,1,b67c517d-d57f-5e07-a65c-c861a5550f72,unknown,0,0,0,,1,Strawberry Cream Cheese (60gm)
Strawberry Cream Cheese Ice Cream,Ice Cream,MINI_TUB_160GMS,a69e1017-d393-55c3-bedb-3c1ee47863de,a1df2a57-b94a-56db-b890-3cba1e7aa15c,1,1,1,c3733bb3-2df8-5bcb-b7d6-522c8e2338c3,unknown,0,0,0,,1,Strawberry Cream Cheese (60gm)
Strawberry Cream Cheese Ice Cream,Ice Cream,MINI_TUB_200ML,a69e1017-d393-55c3-bedb-3c1ee47863de,74f43046-a2ff-5e69-9b78-1724b6f0a030,1,1,1,1284985258,item,10,0,2,Egg Strawberry Cream Cheese Ice Cream (Mini tub (160gms)) | Strawberry Cream Cheese Ice Cream (Mini tub (200ml)),1,Strawberry Cream Cheese (60gm)
Strawberry Cream Cheese Ice Cream,Ice Cream,REGULAR_SCOOP_120GMS,a69e1017-d393-55c3-bedb-3c1ee47863de,b747b32a-ee01-59b9-b443-75581bb57863,1,1,1,1284985259,item,1,0,1,Strawberry Cream Cheese Ice Cream (Regular Scoop),1,Strawberry Cream Cheese (60gm)
Strawberry Cream Cheese Ice Cream,Ice Cream,REGULAR_TUB_300ML,a69e1017-d393-55c3-bedb-3c1ee47863de,95cd7af2-383e-5449-893f-83f53bb658bf,1,1,1,1282582301,item,11,0,4,Egg Strawberry Cream Cheese Ice Cream (Regular Tub (220gms)) | Strawberry Cream Cheese Ice Cream (Perfect Plenty (300ml)) | Strawberry Cream Cheese Ice Cream (Perfect Plenty) | Strawberry Cream Cheese Ice Cream (Regular Tub (300ml)),1,Strawberry Cream Cheese (60gm)
Sunshine Limone Ice Cream,Ice Cream,FAMILY_TUB_725ML,a8546c3d-fda9-56dc-a578-11585845e21f,b43993c2-8f3b-541e-af64-c9599eba6e7d,1,1,1,1282581653,item,25,0,5,Sunshine Limone Ice Cream (Family Feast (550gms)) | Sunshine Limone Ice Cream (Family Feast (725ml)) | Sunshine Limone Ice Cream (Family Tub (500gms)) | Sunshine Limone Ice Cream (Family Tub (700ml)) | Sunshine Limone Ice Cream (Family Tub (725ml)),1,Sunshine Limone (60gm)
Sunshine Limone Ice Cream,Ice Cream,JUNIOR_SCOOP_60GMS,a8546c3d-fda9-56dc-a578-11585845e21f,e4d57a7d-d262-5fd8-98cb-62ae69804b8d,4,4,4,1285041590 | 418096f0-17d0-5825-a10e-299802eccf40 | 54290384 | 780355d0-5fd4-5bcd-ba4d-cc92f89650c1,addon | item | unknown,6,10,3,Sunshine Limone Ice Cream (Junior Scoop (60gm)) | Sunshine Limone Ice Cream (Junior Scoop) | Sunshine Limone Ice Cream Small Scoop,1,Sunshine Limone (60gm)
Sunshine Limone Ice Cream,Ice Cream,MINI_TUB_160GMS,a8546c3d-fda9-56dc-a578-11585845e21f,a1df2a57-b94a-56db-b890-3cba1e7aa15c,1,1,1,88156418-31d8-5a7e-b3a2-03c14efad02d,unknown,0,0,0,,1,Sunshine Limone (60gm)
Sunshine Limone Ice Cream,Ice Cream,MINI_TUB_200ML,a8546c3d-fda9-56dc-a578-11585845e21f,74f43046-a2ff-5e69-9b78-1724b6f0a030,10,10,10,1284985170 | 51217621 | 51217643 | 51217660 | 51492586 | 51975425 | 51975449 | 51975450 | 52320270 | 52700812,addon | item,104,76,4,Sunshine Limone Ice Cream (Mini Tub (160gms)) | Sunshine Limone Ice Cream (Mini tub (160gms)) | Sunshine Limone Ice Cream (Mini tub (200ml)) | Sunshine Limone Ice Cream 200ml,1,Sunshine Limone (60gm)
Sunshine Limone Ice Cream,Ice Cream,REGULAR_SCOOP_120GMS,a8546c3d-fda9-56dc-a578-11585845e21f,b747b32a-ee01-59b9-b443-75581bb57863,1,1,1,1284985171,item,101,0,2,Sunshine Limone Ice Cream (Regular Scoop (120gm)) | Sunshine Limone Ice Cream (Regular Scoop),1,Sunshine Limone (60gm)
Sunshine Limone Ice Cream,Ice Cream,REGULAR_TUB_300ML,a8546c3d-fda9-56dc-a578-11585845e21f,95cd7af2-383e-5449-893f-83f53bb658bf,1,1,1,1282581652,item,122,0,4,Sunshine Limone Ice Cream (Perfect Plenty (300ml)) | Sunshine Limone Ice Cream (Perfect Plenty) | Sunshine Limone Ice Cream (Regular Tub (220gms)) | Sunshine Limone Ice Cream (Regular Tub (300ml)),1,Sunshine Limone (60gm)
Takeaway Cup,Extra,1_PIECE,09b68ead-5d03-5f9d-8e35-0aa8467f7c32,f8b92f1e-8f3b-5a1c-8615-215dd0b3a4cc,2,2,2,58647656 | cf0ea70b-f423-5511-ad7f-62d3118b83de,addon | unknown,0,12,1,Takeaway Cup,0,
Tres Leches,Dessert,1_PIECE,ca612c98-acf6-52c7-9617-0dbc7e014953,f8b92f1e-8f3b-5a1c-8615-215dd0b3a4cc,1,1,1,1288297411,item,719,0,1,Tres Leches,0,
Triple Chocolate Ice Cream,Ice Cream,FAMILY_TUB_725ML,10ed2345-74d2-5f34-bd36-ce91724ce9e6,b43993c2-8f3b-541e-af64-c9599eba6e7d,1,1,1,1282819166,item,8,0,2,Triple Chocolate Ice Cream (Family Feast (725ml)) | Triple Chocolate Ice Cream (Family Feast),0,
Triple Chocolate Ice Cream,Ice Cream,MINI_TUB_200ML,10ed2345-74d2-5f34-bd36-ce91724ce9e6,74f43046-a2ff-5e69-9b78-1724b6f0a030,9,9,9,1284985914 | 51215002 | 51217613 | 51217627 | 51492578 | 51975423 | 51975442 | 51975443 | 52700807,addon | item,3,26,2,Triple Chocolate Ice Cream (Mini tub (200ml)) | Triple Chocolate Ice Cream 200ml,0,
Triple Chocolate Ice Cream,Ice Cream,PERFECT_PLENTY_200GMS,10ed2345-74d2-5f34-bd36-ce91724ce9e6,0a41ed3b-37e4-540b-bc5c-407631835802,1,1,1,1282819165,item,36,0,5,Triple Chocolate Ice Cream (Perfect Plenty (200gms)) | Triple Chocolate Ice Cream (Perfect Plenty (300ml)) | Triple Chocolate Ice Cream (Perfect Plenty (325ml)) | Triple Chocolate Ice Cream (Perfect Plenty (350ml)) | Triple Chocolate Ice Cream (Perfect Plenty),0,
Triple Chocolate Ice Cream,Ice Cream,REGULAR_SCOOP_120GMS,10ed2345-74d2-5f34-bd36-ce91724ce9e6,b747b32a-ee01-59b9-b443-75581bb57863,1,1,1,1284985915,item,8,0,2,Triple Chocolate Ice Cream (Regular Scoop) | Triple Chocolate Ice Cream (Scoop),0,
Veg Sample(sg),Ice Cream,1_PIECE,e9b15c3a-2a1c-55d9-87ef-352cd4ea8c2a,f8b92f1e-8f3b-5a1c-8615-215dd0b3a4cc,1,1,1,1302835658,item,1,0,1,Veg Sample(sg),0,
Waffle Cone,Extra,1_PIECE,fc970c78-39d6-5dce-a90d-013c8d833d54,f8b92f1e-8f3b-5a1c-8615-215dd0b3a4cc,4,4,4,53392898 | 53392901 | 53392902 | fdcc6ba9-aaa3-555a-9993-8d4c8302b9ec,addon | unknown,0,563,1,Waffle Cone,0,
Water Bottle,Drinks,1_PIECE,72b47b77-80f4-5e5a-af2b-1d2abbd6f39d,f8b92f1e-8f3b-5a1c-8615-215dd0b3a4cc,1,1,1,1283024032,item,2,0,1,Water Bottle,0,
